Workbook

Sheet AD
B1: AÇILIŞ DENETİMİ | I1: ANA MENÜYE DÖNÜŞ | Q1: ANA MENÜYE DÖNÜŞ | X1: ANA MENÜYE DÖNÜŞ | AE1: ANA MENÜYE DÖNÜŞ | AL1: ANA MENÜYE DÖNÜŞ | AS1: ANA MENÜYE DÖNÜŞ | AZ1: ANA MENÜYE DÖNÜŞ | BG1: ANA MENÜYE DÖNÜŞ | BN1: ANA MENÜYE DÖNÜŞ
B2: AÇIKLAMA | D2: Perşembe | E2: Cuma | F2: Cumartesi | G2: Pazar | H2: Pazartesi | I2: Salı | J2: Çarşamba | K2: Perşembe | L2: Cuma | M2: Cumartesi | N2: Pazar | O2: Pazartesi | P2: Salı | Q2: Çarşamba | R2: Perşembe | S2: Cuma | T2: Cumartesi | U2: Pazar | V2: Pazartesi | W2: Salı | X2: Çarşamba | Y2: Perşembe | Z2: Cuma | AA2: Cumartesi | AB2: Pazar | AC2: Pazartesi | AD2: Salı | AE2: Çarşamba | AF2: Perşembe | AG2: Cuma | AH2: Cumartesi | AI2: Pazar | AJ2: Pazartesi | AK2: Salı | AL2: Çarşamba | AM2: Perşembe | AN2: Cuma | AO2: Cumartesi | AP2: Pazar | AQ2: Pazartesi | AR2: Salı | AS2: Çarşamba | AT2: Perşembe | AU2: Cuma | AV2: Cumartesi | AW2: Pazar | AX2: Pazartesi | AY2: Salı | AZ2: Çarşamba | BA2: Perşembe | BB2: Cuma | BC2: Cumartesi | BD2: Pazar | BE2: Pazartesi | BF2: Salı | BG2: Çarşamba | BH2: Perşembe | BI2: Cuma | BJ2: Cumartesi | BK2: Pazar | BL2: Pazartesi | BM2: Salı | BN2: Çarşamba | BO2: Perşembe | BP2: Cuma | BQ2: Cumartesi | BR2: Pazar | BS2: Pazartesi | BT2: Salı | BU2: Çarşamba | BV2: Perşembe | BW2: Cuma | BX2: Cumartesi | BY2: Pazar | BZ2: Pazartesi | CA2: Salı | CB2: Çarşamba | CC2: Perşembe | CD2: Cuma | CE2: Cumartesi | CF2: Pazar | CG2: Pazartesi | CH2: Salı | CI2: Çarşamba | CJ2: Perşembe | CK2: Cuma | CL2: Cumartesi | CM2: Pazar | CN2: Pazartesi | CO2: Salı | CP2: Çarşamba | CQ2: Perşembe | CR2: Cuma | CS2: Cumartesi | CT2: Pazar | CU2: Pazartesi | CV2: Salı | CW2: Çarşamba | CX2: Perşembe | CY2: Cuma | CZ2: Cumartesi | DA2: Pazar | DB2: Pazartesi | DC2: Salı | DD2: Çarşamba | DE2: Perşembe | DF2: Cuma | DG2: Cumartesi | DH2: Pazar | DI2: Pazartesi | DJ2: Salı | DK2: Çarşamba | DL2: Perşembe | DM2: Cuma | DN2: Cumartesi | DO2: Pazar | DP2: Pazartesi | DQ2: Salı | DR2: Çarşamba | DS2: Perşembe | DT2: Cuma | DU2: Cumartesi | DV2: Pazar | DW2: Pazartesi | DX2: Salı | DY2: Çarşamba | DZ2: Perşembe | EA2: Cuma | EB2: Cumartesi | EC2: Pazar | ED2: Pazartesi | EE2: Salı | EF2: Çarşamba | EG2: Perşembe | EH2: Cuma | EI2: Cumartesi | EJ2: Pazar | EK2: Pazartesi | EL2: Salı | EM2: Çarşamba | EN2: Perşembe | EO2: Cuma | EP2: Cumartesi | EQ2: Pazar | ER2: Pazartesi | ES2: Salı | ET2: Çarşamba | EU2: Perşembe | EV2: Cuma | EW2: Cumartesi | EX2: Pazar | EY2: Pazartesi | EZ2: Salı | FA2: Çarşamba | FB2: Perşembe | FC2: Cuma | FD2: Cumartesi | FE2: Pazar | FF2: Pazartesi | FG2: Salı | FH2: Çarşamba | FI2: Perşembe | FJ2: Cuma | FK2: Cumartesi | FL2: Pazar | FM2: Pazartesi | FN2: Salı | FO2: Çarşamba | FP2: Perşembe | FQ2: Cuma | FR2: Cumartesi | FS2: Pazar | FT2: Pazartesi | FU2: Salı | FV2: Çarşamba | FW2: Perşembe | FX2: Cuma | FY2: Cumartesi | FZ2: Pazar | GA2: Pazartesi | GB2: Salı | GC2: Çarşamba | GD2: Perşembe | GE2: Cuma | GF2: Cumartesi | GG2: Pazar | GH2: Pazartesi | GI2: Salı
D3: 39814 | E3: 39815 | F3: 39816 | G3: 39817 | H3: 39818 | I3: 39819 | J3: 39820 | K3: 39821 | L3: 39822 | M3: 39823 | N3: 39824 | O3: 39825 | P3: 39826 | Q3: 39827 | R3: 39828 | S3: 39829 | T3: 39830 | U3: 39831 | V3: 39832 | W3: 39833 | X3: 39834 | Y3: 39835 | Z3: 39836 | AA3: 39837 | AB3: 39838 | AC3: 39839 | AD3: 39840 | AE3: 39841 | AF3: 39842 | AG3: 39843 | AH3: 39844 | AI3: 39845 | AJ3: 39846 | AK3: 39847 | AL3: 39848 | AM3: 39849 | AN3: 39850 | AO3: 39851 | AP3: 39852 | AQ3: 39853 | AR3: 39854 | AS3: 39855 | AT3: 39856 | AU3: 39857 | AV3: 39858 | AW3: 39859 | AX3: 39860 | AY3: 39861 | AZ3: 39862 | BA3: 39863 | BB3: 39864 | BC3: 39865 | BD3: 39866 | BE3: 39867 | BF3: 39868 | BG3: 39869 | BH3: 39870 | BI3: 39871 | BJ3: 39872 | BK3: 39873 | BL3: 39874 | BM3: 39875 | BN3: 39876 | BO3: 39877 | BP3: 39878 | BQ3: 39879 | BR3: 39880 | BS3: 39881 | BT3: 39882 | BU3: 39883 | BV3: 39884 | BW3: 39885 | BX3: 39886 | BY3: 39887 | BZ3: 39888 | CA3: 39889 | CB3: 39890 | CC3: 39891 | CD3: 39892 | CE3: 39893 | CF3: 39894 | CG3: 39895 | CH3: 39896 | CI3: 39897 | CJ3: 39898 | CK3: 39899 | CL3: 39900 | CM3: 39901 | CN3: 39902 | CO3: 39903 | CP3: 39904 | CQ3: 39905 | CR3: 39906 | CS3: 39907 | CT3: 39908 | CU3: 39909 | CV3: 39910 | CW3: 39911 | CX3: 39912 | CY3: 39913 | CZ3: 39914 | DA3: 39915 | DB3: 39916 | DC3: 39917 | DD3: 39918 | DE3: 39919 | DF3: 39920 | DG3: 39921 | DH3: 39922 | DI3: 39923 | DJ3: 39924 | DK3: 39925 | DL3: 39926 | DM3: 39927 | DN3: 39928 | DO3: 39929 | DP3: 39930 | DQ3: 39931 | DR3: 39932 | DS3: 39933 | DT3: 39934 | DU3: 39935 | DV3: 39936 | DW3: 39937 | DX3: 39938 | DY3: 39939 | DZ3: 39940 | EA3: 39941 | EB3: 39942 | EC3: 39943 | ED3: 39944 | EE3: 39945 | EF3: 39946 | EG3: 39947 | EH3: 39948 | EI3: 39949 | EJ3: 39950 | EK3: 39951 | EL3: 39952 | EM3: 39953 | EN3: 39954 | EO3: 39955 | EP3: 39956 | EQ3: 39957 | ER3: 39958 | ES3: 39959 | ET3: 39960 | EU3: 39961 | EV3: 39962 | EW3: 39963 | EX3: 39964 | EY3: 39965 | EZ3: 39966 | FA3: 39967 | FB3: 39968 | FC3: 39969 | FD3: 39970 | FE3: 39971 | FF3: 39972 | FG3: 39973 | FH3: 39974 | FI3: 39975 | FJ3: 39976 | FK3: 39977 | FL3: 39978 | FM3: 39979 | FN3: 39980 | FO3: 39981 | FP3: 39982 | FQ3: 39983 | FR3: 39984 | FS3: 39985 | FT3: 39986 | FU3: 39987 | FV3: 39988 | FW3: 39989 | FX3: 39990 | FY3: 39991 | FZ3: 39992 | GA3: 39993 | GB3: 39994 | GC3: 39995 | GD3: 39996 | GE3: 39997 | GF3: 39998 | GG3: 39999 | GH3: 40000 | GI3: 40001
A4: 2009 | B4: MULTIMEDYA | C4: MULTİMEDYA RAFLARI
C5: Koleksiyon Yerleştirme | E5: OK | F5: OK | G5: OK | H5: OK | I5: OK | J5: OK | K5: OK | L5: OK | N5: OK | O5: OK | P5: OK | Q5: OK | R5: OK | S5: OK | T5: OK | U5: OK | V5: OK | W5: OK | X5: OK | Y5: OK | Z5: OK | AC5: SORUN | AD5: OK | AE5: OK | AF5: OK | AG5: OK | AJ5: OK | AK5: OK | AL5: OK | AM5: OK | AN5: OK | AQ5: OK | AR5: OK | AS5: OK | AT5: OK | AU5: OK | AX5: OK | AY5: OK | AZ5: OK | BA5: OK | BB5: OK | BC5: OK | BD5: OK | BE5: OK | BF5: OK | BG5: OK | BH5: OK | BI5: OK | BK5: OK | BL5: OK | BM5: OK | BN5: OK | BO5: OK | BP5: OK | BR5: OK | BS5: OK | BT5: OK | BU5: OK | BV5: OK | BW5: OK | BY5: OK | BZ5: OK | CA5: OK | CB5: OK | CC5: OK | CD5: OK | CF5: OK | CG5: OK | CH5: OK | CI5: OK | CJ5: OK | CK5: OK | CL5: OK | CM5: OK | CN5: OK | CO5: OK | CP5: OK | CQ5: OK | CR5: OK | CT5: OK | CU5: OK | CV5: OK | CW5: OK | CX5: OK | CY5: OK | DA5: OK | DB5: OK | DC5: OK | DD5: OK | DE5: OK | DF5: OK | DG5: OK | DI5: OK | DJ5: OK | DK5: OK | DL5: 23 Nısan - Tatil | DM5: OK | DN5: OK | DP5: OK | DQ5: OK | DR5: OK | DS5: OK | DT5: 1 Mayıs - Tatil | DV5: OK | DW5: OK | DX5: OK | DY5: OK | DZ5: OK | EA5: OK | EB5: OK | EC5: OK | ED5: OK | EE5: OK | EF5: OK | EG5: OK | EH5: OK | EJ5: OK | EK5: OK | EM5: OK | EN5: OK | EO5: OK | EP5: OK | EQ5: OK | ER5: OK | ES5: OK | ET5: OK | EU5: OK | EV5: OK | EW5: OK | EX5: OK | EY5: OK | EZ5: OK | FA5: OK | FB5: OK | FC5: OK | FD5: OK | FE5: OK | FF5: OK | FG5: OK | FH5: OK | FI5: OK | FJ5: OK | FK5: OK | FM5: OK | FN5: OK | FO5: OK | FP5: OK | FQ5: OK | FT5: OK | FU5: OK | FV5: OK | FW5: OK | FX5: OK | GA5: OK | GB5: OK | GC5: OK | GD5: OK | GE5: OK | GH5: OK | GI5: OK
C6: Koleksiyon Düzen | E6: OK | F6: OK | G6: OK | H6: OK | I6: OK | J6: OK | K6: OK | L6: OK | N6: OK | O6: OK | P6: OK | Q6: OK | R6: OK | S6: OK | T6: OK | U6: OK | V6: OK | W6: OK | X6: OK | Y6: OK | Z6: OK | AC6: OK | AD6: OK | AE6: OK | AF6: OK | AG6: OK | AJ6: OK | AK6: OK | AL6: OK | AM6: OK | AN6: OK | AQ6: OK | AR6: OK | AS6: OK | AT6: OK | AU6: OK | AX6: OK | AY6: OK | AZ6: OK | BA6: OK | BB6: OK | BC6: OK | BD6: OK | BE6: OK | BF6: OK | BG6: OK | BH6: OK | BI6: OK | BK6: OK | BL6: OK | BM6: OK | BN6: OK | BO6: OK | BP6: OK | BR6: OK | BS6: OK | BT6: OK | BU6: OK | BV6: OK | BW6: OK | BY6: OK | BZ6: OK | CA6: OK | CB6: OK | CC6: OK | CD6: OK | CF6: OK | CG6: OK | CH6: OK | CI6: OK | CJ6: OK | CK6: OK | CL6: OK | CM6: OK | CN6: OK | CO6: OK | CP6: OK | CQ6: OK | CR6: OK | CT6: OK | CU6: OK | CV6: OK | CW6: OK | CX6: OK | CY6: OK | DA6: OK | DB6: OK | DC6: OK | DD6: OK | DE6: OK | DF6: OK | DG6: OK | DI6: OK | DJ6: OK | DK6: OK | DM6: OK | DN6: OK | DP6: OK | DQ6: OK | DR6: OK | DS6: OK | DV6: OK | DW6: OK | DX6: OK | DY6: OK | DZ6: OK | EA6: OK | EB6: OK | EC6: OK | ED6: OK | EE6: OK | EF6: OK | EG6: OK | EH6: OK | EJ6: OK | EK6: OK | EM6: OK | EN6: OK | EO6: OK | EP6: OK | EQ6: OK | ER6: OK | ES6: OK | ET6: OK | EU6: OK | EV6: OK | EW6: OK | EX6: OK | EY6: OK | EZ6: OK | FA6: OK | FB6: OK | FC6: OK | FD6: OK | FE6: OK | FF6: OK | FG6: OK | FH6: OK | FI6: OK | FJ6: OK | FK6: OK | FM6: OK | FN6: OK | FO6: OK | FP6: OK | FQ6: OK | FT6: OK | FU6: OK | FV6: OK | FW6: OK | FX6: OK | GA6: OK | GB6: OK | GC6: OK | GD6: OK | GE6: OK | GH6: OK | GI6: OK
C7: Koleksiyon Okunma | E7: OK | F7: OK | G7: OK | H7: OK | I7: OK | J7: OK | K7: OK | L7: OK | N7: OK | O7: OK | P7: OK | Q7: OK | R7: OK | S7: OK | T7: OK | U7: OK | V7: OK | W7: OK | X7: OK | Y7: OK | Z7: OK | AC7: OK | AD7: OK | AE7: OK | AF7: OK | AG7: OK | AJ7: OK | AK7: OK | AL7: OK | AM7: OK | AN7: OK | AQ7: OK | AR7: OK | AS7: OK | AT7: OK | AU7: OK | AX7: OK | AY7: OK | AZ7: OK | BA7: OK | BB7: OK | BC7: OK | BD7: OK | BE7: OK | BF7: OK | BG7: OK | BH7: OK | BI7: OK | BK7: OK | BL7: OK | BM7: OK | BN7: OK | BO7: OK | BP7: OK | BR7: OK | BS7: OK | BT7: OK | BU7: OK | BV7: OK | BW7: OK | BY7: OK | BZ7: OK | CA7: OK | CB7: OK | CC7: OK | CD7: OK | CF7: OK | CG7: OK | CH7: OK | CI7: OK | CJ7: OK | CK7: OK | CL7: OK | CM7: OK | CN7: OK | CO7: OK | CP7: OK | CQ7: OK | CR7: OK | CT7: OK | CU7: OK | CV7: OK | CW7: OK | CX7: OK | CY7: OK | DA7: OK | DB7: OK | DC7: OK | DD7: OK | DE7: OK | DF7: OK | DG7: OK | DI7: OK | DJ7: OK | DK7: OK | DM7: OK | DN7: OK | DP7: OK | DQ7: OK | DR7: OK | DS7: OK | DV7: OK | DW7: OK | DX7: OK | DY7: OK | DZ7: OK | EA7: OK | EB7: OK | EC7: OK | ED7: OK | EE7: OK | EF7: OK | EG7: OK | EH7: OK | EJ7: OK | EK7: OK | EM7: OK | EN7: OK | EO7: OK | EP7: OK | EQ7: OK | ER7: OK | ES7: OK | ET7: OK | EU7: OK | EV7: OK | EW7: OK | EX7: OK | EY7: OK | EZ7: OK | FA7: OK | FB7: OK | FC7: OK | FD7: OK | FE7: OK | FF7: OK | FG7: OK | FH7: OK | FI7: OK | FJ7: OK | FK7: OK | FM7: OK | FN7: OK | FO7: OK | FP7: OK | FQ7: OK | FT7: OK | FU7: OK | FV7: OK | FW7: OK | FX7: OK | GA7: OK | GB7: OK | GC7: OK | GD7: OK | GE7: OK | GH7: OK | GI7: OK
C8: Odalar ve Kareller | E8: OK | F8: OK | G8: OK | H8: OK | I8: OK | J8: OK | K8: SORUN | L8: OK | N8: OK | O8: OK | P8: OK | Q8: OK | R8: OK | S8: OK | T8: OK | U8: SORUN | V8: OK | W8: OK | X8: SORUN | Y8: OK | Z8: OK | AC8: OK | AD8: OK | AE8: OK | AF8: OK | AG8: OK | AJ8: OK | AK8: OK | AL8: OK | AM8: OK | AN8: OK | AQ8: OK | AR8: OK | AS8: OK | AT8: OK | AU8: OK | AX8: OK | AY8: OK | AZ8: OK | BA8: OK | BB8: OK | BC8: OK | BD8: OK | BE8: OK | BF8: OK | BG8: OK | BH8: OK | BI8: OK | BK8: OK | BL8: OK | BM8: OK | BN8: OK | BO8: OK | BP8: OK | BR8: OK | BS8: OK | BT8: OK | BU8: OK | BV8: OK | BW8: OK | BY8: OK | BZ8: OK | CA8: OK | CB8: OK | CC8: OK | CD8: OK | CF8: OK | CG8: OK | CH8: OK | CI8: OK | CJ8: OK | CK8: OK | CL8: OK | CM8: OK | CN8: OK | CO8: OK | CP8: OK | CQ8: OK | CR8: OK | CT8: OK | CU8: OK | CV8: OK | CW8: OK | CX8: OK | CY8: OK | DA8: OK | DB8: OK | DC8: OK | DD8: OK | DE8: OK | DF8: OK | DG8: OK | DI8: OK | DJ8: OK | DK8: OK | DM8: OK | DN8: OK | DP8: OK | DQ8: OK | DR8: OK | DS8: OK | DV8: OK | DW8: OK | DX8: OK | DY8: OK | DZ8: OK | EA8: OK | EB8: OK | EC8: OK | ED8: OK | EE8: OK | EF8: OK | EG8: OK | EH8: OK | EJ8: OK | EK8: OK | EM8: OK | EN8: OK | EO8: OK | EP8: OK | EQ8: OK | ER8: OK | ES8: OK | ET8: OK | EU8: OK | EV8: OK | EW8: OK | EX8: OK | EY8: OK | EZ8: OK | FA8: OK | FB8: OK | FC8: OK | FD8: OK | FE8: OK | FF8: OK | FG8: OK | FH8: OK | FI8: OK | FJ8: OK | FK8: OK | FM8: OK | FN8: OK | FO8: OK | FP8: OK | FQ8: OK | FT8: OK | FU8: OK | FV8: OK | FW8: OK | FX8: OK | GA8: OK | GB8: OK | GC8: OK | GD8: OK | GE8: OK | GH8: OK | GI8: OK
C9: Ekipmanlar tam ve çalışır durumda mı? | E9: OK | F9: OK | G9: OK | H9: OK | I9: OK | J9: OK | K9: OK | L9: OK | N9: OK | O9: OK | P9: OK | Q9: OK | R9: OK | S9: OK | T9: OK | U9: OK | V9: OK | W9: OK | X9: OK | Y9: OK | Z9: OK | AC9: OK | AD9: OK | AE9: OK | AF9: OK | AG9: OK | AJ9: OK | AK9: OK | AL9: OK | AM9: OK | AN9: OK | AQ9: OK | AR9: OK | AS9: OK | AT9: OK | AU9: OK | AX9: OK | AY9: OK | AZ9: OK | BA9: OK | BB9: OK | BC9: OK | BD9: OK | BE9: OK | BF9: OK | BG9: OK | BH9: OK | BI9: OK | BK9: OK | BL9: OK | BM9: OK | BN9: OK | BO9: OK | BP9: OK | BR9: OK | BS9: OK | BT9: OK | BU9: OK | BV9: OK | BW9: OK | BY9: OK | BZ9: OK | CA9: OK | CB9: OK | CC9: OK | CD9: OK | CF9: OK | CG9: OK | CH9: OK | CI9: OK | CJ9: OK | CK9: OK | CL9: OK | CM9: OK | CN9: OK | CO9: OK | CP9: OK | CQ9: OK | CR9: OK | CT9: OK | CU9: OK | CV9: OK | CW9: OK | CX9: OK | CY9: OK | DA9: OK | DB9: OK | DC9: OK | DD9: OK | DE9: OK | DF9: OK | DG9: OK | DI9: OK | DJ9: OK | DK9: OK | DM9: OK | DN9: OK | DP9: OK | DQ9: OK | DR9: OK | DS9: OK | DV9: OK | DW9: OK | DX9: OK | DY9: OK | DZ9: OK | EA9: OK | EB9: OK | EC9: OK | ED9: OK | EE9: OK | EF9: OK | EG9: OK | EH9: OK | EJ9: OK | EK9: OK | EM9: OK | EN9: OK | EO9: OK | EP9: OK | EQ9: OK | ER9: OK | ES9: OK | ET9: OK | EU9: OK | EV9: OK | EW9: OK | EX9: OK | EY9: OK | EZ9: OK | FA9: OK | FB9: OK | FC9: OK | FD9: OK | FE9: OK | FF9: OK | FG9: OK | FH9: OK | FI9: OK | FJ9: OK | FK9: OK | FM9: OK | FN9: OK | FO9: OK | FP9: OK | FQ9: OK | FT9: OK | FU9: OK | FV9: OK | FW9: OK | FX9: OK | GA9: OK | GB9: OK | GC9: OK | GD9: OK | GE9: OK | GH9: OK | GI9: OK
C10: Koltuk ve sandalyeler olması gereken yerlerde mi? | E10: OK | F10: OK | G10: OK | H10: OK | I10: OK | J10: OK | K10: OK | L10: OK | N10: OK | O10: OK | P10: OK | Q10: OK | R10: OK | S10: OK | T10: OK | U10: OK | V10: OK | W10: OK | X10: OK | Y10: OK | Z10: OK | AC10: OK | AD10: OK | AE10: OK | AF10: OK | AG10: OK | AJ10: OK | AK10: OK | AL10: OK | AM10: OK | AN10: OK | AQ10: OK | AR10: OK | AS10: OK | AT10: OK | AU10: OK | AX10: OK | AY10: OK | AZ10: OK | BA10: OK | BB10: OK | BC10: OK | BD10: OK | BE10: OK | BF10: OK | BG10: OK | BH10: OK | BI10: OK | BK10: OK | BL10: OK | BM10: OK | BN10: OK | BO10: OK | BP10: OK | BR10: OK | BS10: OK | BT10: OK | BU10: OK | BV10: OK | BW10: OK | BY10: OK | BZ10: OK | CA10: OK | CB10: OK | CC10: OK | CD10: OK | CF10: OK | CG10: OK | CH10: OK | CI10: OK | CJ10: OK | CK10: OK | CL10: OK | CM10: OK | CN10: OK | CO10: OK | CP10: OK | CQ10: OK | CR10: OK | CT10: OK | CU10: OK | CV10: OK | CW10: OK | CX10: OK | CY10: OK | DA10: OK | DB10: OK | DC10: OK | DD10: OK | DE10: OK | DF10: OK | DG10: OK | DI10: OK | DJ10: OK | DK10: OK | DM10: OK | DN10: OK | DP10: OK | DQ10: OK | DR10: OK | DS10: OK | DV10: OK | DW10: OK | DX10: OK | DY10: OK | DZ10: OK | EA10: OK | EB10: OK | EC10: OK | ED10: OK | EE10: OK | EF10: OK | EG10: OK | EH10: OK | EJ10: OK | EK10: OK | EM10: OK | EN10: OK | EO10: OK | EP10: OK | EQ10: OK | ER10: OK | ES10: OK | ET10: OK | EU10: OK | EV10: OK | EW10: OK | EX10: OK | EY10: OK | EZ10: OK | FA10: OK | FB10: OK | FC10: OK | FD10: OK | FE10: OK | FF10: OK | FG10: OK | FH10: OK | FI10: OK | FJ10: OK | FK10: OK | FM10: OK | FN10: OK | FO10: OK | FP10: OK | FQ10: OK | FT10: OK | FU10: OK | FV10: OK | FW10: OK | FX10: OK | GA10: OK | GB10: OK | GC10: OK | GD10: OK | GE10: OK | GH10: OK | GI10: OK
C11: Oda temizlenmiş mi? | E11: OK | F11: OK | G11: OK | H11: OK | I11: OK | J11: OK | K11: OK | L11: OK | N11: OK | O11: OK | P11: OK | Q11: OK | R11: OK | S11: OK | T11: OK | U11: OK | V11: OK | W11: OK | X11: OK | Y11: OK | Z11: OK | AC11: OK | AD11: OK | AE11: OK | AF11: OK | AG11: OK | AJ11: OK | AK11: OK | AL11: OK | AM11: OK | AN11: OK | AQ11: OK | AR11: OK | AS11: OK | AT11: OK | AU11: OK | AX11: OK | AY11: OK | AZ11: OK | BA11: OK | BB11: OK | BC11: OK | BD11: OK | BE11: OK | BF11: OK | BG11: OK | BH11: OK | BI11: OK | BK11: OK | BL11: OK | BM11: OK | BN11: OK | BO11: OK | BP11: OK | BR11: OK | BS11: OK | BT11: OK | BU11: OK | BV11: OK | BW11: OK | BY11: OK | BZ11: OK | CA11: OK | CB11: OK | CC11: OK | CD11: OK | CF11: OK | CG11: OK | CH11: OK | CI11: OK | CJ11: OK | CK11: OK | CL11: OK | CM11: OK | CN11: OK | CO11: OK | CP11: OK | CQ11: OK | CR11: OK | CT11: OK | CU11: OK | CV11: OK | CW11: OK | CX11: OK | CY11: OK | DA11: OK | DB11: OK | DC11: OK | DD11: OK | DE11: OK | DF11: OK | DG11: OK | DI11: OK | DJ11: OK | DK11: OK | DM11: OK | DN11: OK | DP11: OK | DQ11: OK | DR11: OK | DS11: OK | DV11: OK | DW11: OK | DX11: OK | DY11: OK | DZ11: OK | EA11: OK | EB11: OK | EC11: OK | ED11: OK | EE11: OK | EF11: OK | EG11: OK | EH11: OK | EJ11: OK | EK11: OK | EM11: OK | EN11: OK | EO11: OK | EP11: OK | EQ11: OK | ER11: OK | ES11: OK | ET11: OK | EU11: OK | EV11: OK | EW11: OK | EX11: OK | EY11: OK | EZ11: OK | FA11: OK | FB11: OK | FC11: OK | FD11: OK | FE11: OK | FF11: OK | FG11: OK | FH11: OK | FI11: OK | FJ11: OK | FK11: OK | FM11: OK | FN11: OK | FO11: OK | FP11: OK | FQ11: OK | FT11: OK | FU11: OK | FV11: OK | FW11: OK | FX11: OK | GA11: OK | GB11: OK | GC11: OK | GD11: OK | GE11: OK | GH11: OK | GI11: OK
C12: Aydınlatma | E12: OK | F12: OK | G12: OK | H12: OK | I12: OK | J12: OK | K12: OK | L12: OK | N12: OK | O12: OK | P12: OK | Q12: OK | R12: OK | S12: OK | T12: OK | U12: OK | V12: OK | W12: OK | X12: OK | Y12: OK | Z12: OK | AC12: OK | AD12: OK | AE12: OK | AF12: OK | AG12: OK | AJ12: OK | AK12: OK | AL12: OK | AM12: OK | AN12: OK | AQ12: OK | AR12: OK | AS12: OK | AT12: OK | AU12: OK | AX12: OK | AY12: OK | AZ12: OK | BA12: OK | BB12: OK | BC12: OK | BD12: OK | BE12: OK | BF12: OK | BG12: OK | BH12: OK | BI12: OK | BK12: OK | BL12: OK | BM12: OK | BN12: OK | BO12: OK | BP12: OK | BR12: OK | BS12: OK | BT12: OK | BU12: OK | BV12: OK | BW12: OK | BY12: OK | BZ12: OK | CA12: OK | CB12: OK | CC12: OK | CD12: OK | CF12: OK | CG12: OK | CH12: OK | CI12: OK | CJ12: OK | CK12: OK | CL12: OK | CM12: OK | CN12: OK | CO12: OK | CP12: OK | CQ12: OK | CR12: OK | CT12: OK | CU12: OK | CV12: OK | CW12: OK | CX12: OK | CY12: OK | DA12: OK | DB12: OK | DC12: OK | DD12: OK | DE12: OK | DF12: OK | DG12: OK | DI12: OK | DJ12: OK | DK12: OK | DM12: OK | DN12: OK | DP12: OK | DQ12: OK | DR12: OK | DS12: OK | DV12: OK | DW12: OK | DX12: OK | DY12: OK | DZ12: OK | EA12: OK | EB12: OK | EC12: OK | ED12: OK | EE12: OK | EF12: OK | EG12: OK | EH12: OK | EJ12: OK | EK12: OK | EM12: OK | EN12: OK | EO12: OK | EP12: OK | EQ12: OK | ER12: OK | ES12: OK | ET12: OK | EU12: OK | EV12: OK | EW12: OK | EX12: OK | EY12: OK | EZ12: OK | FA12: OK | FB12: OK | FC12: OK | FD12: OK | FE12: OK | FF12: OK | FG12: OK | FH12: OK | FI12: OK | FJ12: OK | FK12: OK | FM12: OK | FN12: OK | FO12: OK | FP12: OK | FQ12: OK | FT12: OK | FU12: OK | FV12: OK | FW12: OK | FX12: OK | GA12: OK | GB12: OK | GC12: OK | GD12: OK | GE12: OK | GH12: OK | GI12: OK
B13: BİNA | C13: GENEL KULLANIM ALANLARI
C14: Acil Çıkış Kapıları Güvenlik Plastik | E14: SORUN | F14: OK | G14: OK | H14: OK | I14: OK | J14: OK | K14: OK | L14: OK | N14: OK | O14: OK | P14: OK | Q14: OK | R14: OK | S14: OK | T14: OK | U14: OK | V14: OK | W14: OK | X14: OK | Y14: OK | Z14: OK | AC14: OK | AD14: OK | AE14: OK | AF14: OK | AG14: OK | AJ14: OK | AK14: OK | AL14: OK | AM14: OK | AN14: OK | AQ14: OK | AR14: OK | AS14: OK | AT14: OK | AU14: OK | AX14: OK | AY14: OK | AZ14: OK | BA14: OK | BB14: OK | BC14: OK | BD14: OK | BE14: OK | BF14: OK | BG14: OK | BH14: OK | BI14: OK | BK14: OK | BL14: OK | BM14: OK | BN14: OK | BO14: OK | BP14: OK | BR14: OK | BS14: OK | BT14: OK | BU14: OK | BV14: OK | BW14: OK | BY14: OK | BZ14: OK | CA14: OK | CB14: OK | CC14: OK | CD14: OK | CF14: OK | CG14: OK | CH14: OK | CI14: OK | CJ14: OK | CK14: OK | CL14: OK | CM14: OK | CN14: OK | CO14: OK | CP14: OK | CQ14: OK | CR14: OK | CT14: OK | CU14: OK | CV14: OK | CW14: OK | CX14: OK | CY14: OK | DA14: OK | DB14: OK | DC14: OK | DD14: OK | DE14: OK | DF14: OK | DG14: OK | DI14: OK | DJ14: OK | DK14: OK | DM14: OK | DN14: OK | DP14: OK | DQ14: OK | DR14: OK | DS14: OK | DV14: OK | DW14: OK | DX14: OK | DY14: OK | DZ14: OK | EA14: OK | EB14: OK | EC14: OK | ED14: OK | EE14: OK | EF14: OK | EG14: OK | EH14: OK | EJ14: OK | EK14: OK | EM14: OK | EN14: OK | EO14: OK | EP14: OK | EQ14: OK | ER14: OK | ES14: OK | ET14: OK | EU14: OK | EV14: OK | EW14: OK | EX14: OK | EY14: OK | EZ14: OK | FA14: OK | FB14: OK | FC14: OK | FD14: OK | FE14: OK | FF14: OK | FG14: OK | FH14: OK | FI14: OK | FJ14: OK | FK14: OK | FM14: OK | FN14: OK | FO14: OK | FP14: OK | FQ14: OK | FT14: OK | FU14: OK | FV14: OK | FW14: OK | FX14: OK | GA14: OK | GB14: OK | GC14: OK | GD14: OK | GE14: OK | GH14: OK | GI14: OK
C15: Genel Isıtma | E15: OK | F15: OK | G15: OK | H15: OK | I15: OK | J15: OK | K15: OK | L15: OK | N15: OK | O15: OK | P15: OK | Q15: OK | R15: OK | S15: OK | T15: OK | U15: OK | V15: OK | W15: OK | X15: OK | Y15: OK | Z15: OK | AC15: OK | AD15: OK | AE15: OK | AF15: OK | AG15: OK | AJ15: OK | AK15: OK | AL15: OK | AM15: OK | AN15: OK | AQ15: OK | AR15: OK | AS15: OK | AT15: OK | AU15: OK | AX15: OK | AY15: OK | AZ15: OK | BA15: OK | BB15: OK | BC15: OK | BD15: OK | BE15: OK | BF15: OK | BG15: OK | BH15: OK | BI15: OK | BK15: OK | BL15: OK | BM15: OK | BN15: OK | BO15: OK | BP15: OK | BR15: OK | BS15: OK | BT15: OK | BU15: OK | BV15: OK | BW15: OK | BY15: OK | BZ15: OK | CA15: OK | CB15: OK | CC15: OK | CD15: OK | CF15: OK | CG15: OK | CH15: OK | CI15: OK | CJ15: OK | CK15: OK | CL15: OK | CM15: OK | CN15: OK | CO15: OK | CP15: OK | CQ15: OK | CR15: OK | CT15: OK | CU15: OK | CV15: OK | CW15: OK | CX15: OK | CY15: OK | DA15: OK | DB15: OK | DC15: OK | DD15: OK | DE15: OK | DF15: OK | DG15: OK | DI15: OK | DJ15: OK | DK15: OK | DM15: OK | DN15: OK | DP15: OK | DQ15: OK | DR15: OK | DS15: OK | DV15: OK | DW15: OK | DX15: OK | DY15: OK | DZ15: OK | EA15: OK | EB15: OK | EC15: OK | ED15: OK | EE15: OK | EF15: OK | EG15: OK | EH15: OK | EJ15: OK | EK15: OK | EM15: OK | EN15: OK | EO15: OK | EP15: OK | EQ15: OK | ER15: OK | ES15: OK | ET15: OK | EU15: OK | EV15: OK | EW15: OK | EX15: OK | EY15: OK | EZ15: OK | FA15: OK | FB15: OK | FC15: OK | FD15: OK | FE15: OK | FF15: OK | FG15: OK | FH15: OK | FI15: OK | FJ15: OK | FK15: OK | FM15: OK | FN15: OK | FO15: OK | FP15: OK | FQ15: OK | FT15: OK | FU15: OK | FV15: OK | FW15: OK | FX15: OK | GA15: OK | GB15: OK | GC15: OK | GD15: OK | GE15: OK | GH15: OK | GI15: OK
C16: Genel Aydınlatma | E16: OK | F16: OK | G16: OK | H16: OK | I16: OK | J16: OK | K16: OK | L16: SORUN | N16: OK | O16: OK | P16: OK | Q16: OK | R16: OK | S16: OK | T16: OK | U16: OK | V16: OK | W16: OK | X16: OK | Y16: OK | Z16: OK | AC16: OK | AD16: OK | AE16: OK | AF16: OK | AG16: OK | AJ16: OK | AK16: OK | AL16: OK | AM16: OK | AN16: OK | AQ16: OK | AR16: OK | AS16: OK | AT16: OK | AU16: OK | AX16: OK | AY16: OK | AZ16: OK | BA16: OK | BB16: OK | BC16: OK | BD16: OK | BE16: OK | BF16: OK | BG16: OK | BH16: OK | BI16: OK | BK16: OK | BL16: OK | BM16: OK | BN16: OK | BO16: OK | BP16: OK | BR16: OK | BS16: OK | BT16: OK | BU16: OK | BV16: OK | BW16: OK | BY16: OK | BZ16: OK | CA16: OK | CB16: OK | CC16: OK | CD16: OK | CF16: OK | CG16: OK | CH16: OK | CI16: OK | CJ16: OK | CK16: OK | CL16: OK | CM16: OK | CN16: OK | CO16: OK | CP16: OK | CQ16: OK | CR16: OK | CT16: OK | CU16: OK | CV16: OK | CW16: OK | CX16: OK | CY16: OK | DA16: OK | DB16: OK | DC16: OK | DD16: OK | DE16: OK | DF16: OK | DG16: OK | DI16: OK | DJ16: OK | DK16: OK | DM16: OK | DN16: OK | DP16: OK | DQ16: OK | DR16: OK | DS16: OK | DV16: OK | DW16: OK | DX16: OK | DY16: OK | DZ16: OK | EA16: OK | EB16: OK | EC16: OK | ED16: OK | EE16: OK | EF16: OK | EG16: OK | EH16: OK | EJ16: OK | EK16: OK | EM16: OK | EN16: OK | EO16: OK | EP16: OK | EQ16: OK | ER16: OK | ES16: OK | ET16: OK | EU16: OK | EV16: OK | EW16: OK | EX16: OK | EY16: OK | EZ16: OK | FA16: OK | FB16: OK | FC16: OK | FD16: OK | FE16: OK | FF16: OK | FG16: OK | FH16: OK | FI16: OK | FJ16: OK | FK16: OK | FM16: OK | FN16: OK | FO16: OK | FP16: OK | FQ16: OK | FT16: OK | FU16: OK | FV16: OK | FW16: OK | FX16: OK | GA16: OK | GB16: OK | GC16: OK | GD16: OK | GE16: OK | GH16: OK | GI16: OK
C17: Tuvaletler: Temizlik, sabun | E17: OK | F17: OK | G17: OK | H17: OK | I17: OK | J17: OK | K17: OK | L17: OK | N17: OK | O17: OK | P17: OK | Q17: OK | R17: OK | S17: OK | T17: SORUN | U17: OK | V17: OK | W17: OK | X17: OK | Y17: OK | Z17: OK | AC17: OK | AD17: OK | AE17: OK | AF17: OK | AG17: OK | AJ17: OK | AK17: OK | AL17: OK | AM17: OK | AN17: OK | AQ17: OK | AR17: OK | AS17: OK | AT17: OK | AU17: OK | AX17: OK | AY17: OK | AZ17: OK | BA17: OK | BB17: OK | BC17: OK | BD17: OK | BE17: OK | BF17: OK | BG17: OK | BH17: OK | BI17: OK | BK17: OK | BL17: OK | BM17: OK | BN17: OK | BO17: OK | BP17: OK | BR17: OK | BS17: OK | BT17: OK | BU17: OK | BV17: OK | BW17: OK | BY17: OK | BZ17: OK | CA17: OK | CB17: OK | CC17: OK | CD17: OK | CF17: OK | CG17: OK | CH17: OK | CI17: OK | CJ17: OK | CK17: OK | CL17: OK | CM17: OK | CN17: OK | CO17: OK | CP17: OK | CQ17: OK | CR17: OK | CT17: OK | CU17: OK | CV17: OK | CW17: OK | CX17: OK | CY17: OK | DA17: OK | DB17: OK | DC17: OK | DD17: OK | DE17: OK | DF17: OK | DG17: OK | DI17: OK | DJ17: OK | DK17: OK | DM17: OK | DN17: OK | DP17: OK | DQ17: OK | DR17: OK | DS17: OK | DV17: OK | DW17: OK | DX17: OK | DY17: OK | DZ17: OK | EA17: OK | EB17: OK | EC17: OK | ED17: OK | EE17: OK | EF17: OK | EG17: OK | EH17: OK | EJ17: OK | EK17: OK | EM17: OK | EN17: OK | EO17: OK | EP17: OK | EQ17: OK | ER17: OK | ES17: OK | ET17: OK | EU17: OK | EV17: OK | EW17: OK | EX17: OK | EY17: OK | EZ17: OK | FA17: OK | FB17: OK | FC17: OK | FD17: OK | FE17: OK | FF17: OK | FG17: OK | FH17: OK | FI17: OK | FJ17: OK | FK17: OK | FM17: OK | FN17: OK | FO17: OK | FP17: OK | FQ17: OK | FT17: OK | FU17: OK | FV17: OK | FW17: OK | FX17: OK | GA17: OK | GB17: OK | GC17: OK | GD17: OK | GE17: OK | GH17: OK | GI17: OK
C18: Masa ve rafların toz durumu | E18: OK | F18: OK | G18: OK | H18: OK | I18: OK | J18: OK | K18: OK | L18: OK | N18: OK | O18: OK | P18: OK | Q18: OK | R18: OK | S18: OK | T18: SORUN | U18: OK | V18: OK | W18: OK | X18: OK | Y18: OK | Z18: OK | AC18: OK | AD18: OK | AE18: OK | AF18: OK | AG18: OK | AJ18: OK | AK18: OK | AL18: OK | AM18: OK | AN18: OK | AQ18: OK | AR18: OK | AS18: OK | AT18: OK | AU18: OK | AX18: OK | AY18: OK | AZ18: OK | BA18: OK | BB18: OK | BC18: OK | BD18: OK | BE18: OK | BF18: OK | BG18: OK | BH18: OK | BI18: OK | BK18: OK | BL18: OK | BM18: OK | BN18: OK | BO18: OK | BP18: OK | BR18: OK | BS18: OK | BT18: OK | BU18: OK | BV18: OK | BW18: OK | BY18: OK | BZ18: OK | CA18: OK | CB18: OK | CC18: OK | CD18: OK | CF18: OK | CG18: OK | CH18: OK | CI18: OK | CJ18: OK | CK18: OK | CL18: OK | CM18: OK | CN18: OK | CO18: OK | CP18: OK | CQ18: OK | CR18: OK | CT18: OK | CU18: OK | CV18: OK | CW18: OK | CX18: OK | CY18: OK | DA18: OK | DB18: OK | DC18: OK | DD18: OK | DE18: OK | DF18: OK | DG18: OK | DI18: OK | DJ18: OK | DK18: OK | DM18: OK | DN18: OK | DP18: OK | DQ18: OK | DR18: OK | DS18: OK | DV18: OK | DW18: OK | DX18: OK | DY18: OK | DZ18: OK | EA18: OK | EB18: OK | EC18: OK | ED18: OK | EE18: OK | EF18: OK | EG18: OK | EH18: OK | EJ18: OK | EK18: OK | EM18: OK | EN18: OK | EO18: OK | EP18: OK | EQ18: OK | ER18: OK | ES18: OK | ET18: OK | EU18: OK | EV18: OK | EW18: OK | EX18: OK | EY18: OK | EZ18: OK | FA18: OK | FB18: OK | FC18: OK | FD18: OK | FE18: OK | FF18: OK | FG18: OK | FH18: OK | FI18: OK | FJ18: OK | FK18: OK | FM18: OK | FN18: OK | FO18: OK | FP18: OK | FQ18: OK | FT18: OK | FU18: OK | FV18: OK | FW18: OK | FX18: OK | GA18: OK | GB18: OK | GC18: OK | GD18: OK | GE18: OK | GH18: OK | GI18: OK
C19: Tarama terminalleri: Kağıt, kalem | E19: OK | F19: OK | G19: OK | H19: OK | I19: OK | J19: OK | K19: OK | L19: OK | N19: OK | O19: OK | P19: OK | Q19: OK | R19: OK | S19: OK | T19: OK | U19: OK | V19: OK | W19: OK | X19: OK | Y19: OK | Z19: OK | AC19: OK | AD19: OK | AE19: OK | AF19: OK | AG19: OK | AJ19: OK | AK19: OK | AL19: OK | AM19: OK | AN19: OK | AQ19: OK | AR19: OK | AS19: OK | AT19: OK | AU19: OK | AX19: OK | AY19: OK | AZ19: OK | BA19: OK | BB19: OK | BC19: OK | BD19: OK | BE19: OK | BF19: OK | BG19: OK | BH19: OK | BI19: OK | BK19: OK | BL19: OK | BM19: OK | BN19: OK | BO19: OK | BP19: OK | BR19: OK | BS19: OK | BT19: OK | BU19: OK | BV19: OK | BW19: OK | BY19: OK | BZ19: OK | CA19: OK | CB19: OK | CC19: OK | CD19: OK | CF19: OK | CG19: OK | CH19: OK | CI19: OK | CJ19: OK | CK19: OK | CL19: OK | CM19: OK | CN19: OK | CO19: OK | CP19: OK | CQ19: OK | CR19: OK | CT19: OK | CU19: OK | CV19: OK | CW19: OK | CX19: OK | CY19: OK | DA19: OK | DB19: OK | DC19: OK | DD19: OK | DE19: OK | DF19: OK | DG19: OK | DI19: OK | DJ19: OK | DK19: OK | DM19: OK | DN19: OK | DP19: OK | DQ19: OK | DR19: OK | DS19: OK | DV19: OK | DW19: OK | DX19: OK | DY19: OK | DZ19: OK | EA19: OK | EB19: OK | EC19: OK | ED19: OK | EE19: OK | EF19: OK | EG19: OK | EH19: OK | EJ19: OK | EK19: OK | EM19: OK | EN19: OK | EO19: OK | EP19: OK | EQ19: OK | ER19: OK | ES19: OK | ET19: OK | EU19: OK | EV19: OK | EW19: OK | EX19: OK | EY19: OK | EZ19: OK | FA19: OK | FB19: OK | FC19: OK | FD19: OK | FE19: OK | FF19: OK | FG19: OK | FH19: OK | FI19: OK | FJ19: OK | FK19: OK | FM19: OK | FN19: OK | FO19: OK | FP19: OK | FQ19: OK | FT19: OK | FU19: OK | FV19: OK | FW19: OK | FX19: OK | GA19: OK | GB19: OK | GC19: OK | GD19: OK | GE19: OK | GH19: OK | GI19: OK
C20: Güvenlik Kapıları | E20: OK | F20: OK | G20: OK | H20: OK | I20: OK | J20: OK | K20: OK | L20: OK | N20: OK | O20: OK | P20: OK | Q20: OK | R20: OK | S20: OK | T20: OK | U20: OK | V20: OK | W20: OK | X20: OK | Y20: OK | Z20: OK | AC20: OK | AD20: OK | AE20: OK | AF20: OK | AG20: OK | AJ20: OK | AK20: OK | AL20: OK | AM20: OK | AN20: OK | AQ20: OK | AR20: OK | AS20: OK | AT20: OK | AU20: OK | AX20: OK | AY20: OK | AZ20: OK | BA20: OK | BB20: OK | BC20: OK | BD20: OK | BE20: OK | BF20: OK | BG20: OK | BH20: OK | BI20: OK | BK20: OK | BL20: OK | BM20: OK | BN20: OK | BO20: OK | BP20: OK | BR20: OK | BS20: OK | BT20: OK | BU20: OK | BV20: OK | BW20: OK | BY20: OK | BZ20: OK | CA20: OK | CB20: OK | CC20: OK | CD20: OK | CF20: OK | CG20: OK | CH20: OK | CI20: OK | CJ20: OK | CK20: OK | CL20: OK | CM20: OK | CN20: OK | CO20: OK | CP20: OK | CQ20: OK | CR20: OK | CT20: OK | CU20: OK | CV20: OK | CW20: OK | CX20: OK | CY20: OK | DA20: OK | DB20: OK | DC20: OK | DD20: OK | DE20: OK | DF20: OK | DG20: OK | DI20: OK | DJ20: OK | DK20: OK | DM20: OK | DN20: OK | DP20: OK | DQ20: OK | DR20: OK | DS20: OK | DV20: OK | DW20: OK | DX20: OK | DY20: OK | DZ20: OK | EA20: OK | EB20: OK | EC20: OK | ED20: OK | EE20: OK | EF20: OK | EG20: OK | EH20: OK | EJ20: OK | EK20: OK | EM20: OK | EN20: OK | EO20: OK | EP20: OK | EQ20: OK | ER20: OK | ES20: OK | ET20: OK | EU20: OK | EV20: OK | EW20: OK | EX20: OK | EY20: OK | EZ20: OK | FA20: OK | FB20: OK | FC20: OK | FD20: OK | FE20: OK | FF20: OK | FG20: OK | FH20: OK | FI20: OK | FJ20: OK | FK20: OK | FM20: OK | FN20: OK | FO20: OK | FP20: OK | FQ20: OK | FT20: OK | FU20: OK | FV20: OK | FW20: OK | FX20: OK | GA20: OK | GB20: OK | GC20: OK | GD20: OK | GE20: OK | GH20: OK | GI20: OK
C21: Pencereler | E21: SORUN | F21: OK | G21: OK | H21: OK | I21: OK | J21: OK | K21: SORUN | L21: OK | N21: OK | O21: OK | P21: OK | Q21: OK | R21: OK | S21: OK | T21: OK | U21: OK | V21: OK | W21: OK | X21: SORUN | Y21: SORUN | Z21: OK | AC21: OK | AD21: OK | AE21: OK | AF21: OK | AG21: OK | AJ21: OK | AK21: OK | AL21: OK | AM21: OK | AN21: OK | AQ21: OK | AR21: OK | AS21: OK | AT21: OK | AU21: OK | AX21: OK | AY21: OK | AZ21: OK | BA21: OK | BB21: OK | BC21: OK | BD21: OK | BE21: OK | BF21: OK | BG21: OK | BH21: OK | BI21: OK | BK21: OK | BL21: OK | BM21: OK | BN21: OK | BO21: OK | BP21: OK | BR21: OK | BS21: OK | BT21: OK | BU21: OK | BV21: OK | BW21: OK | BY21: OK | BZ21: OK | CA21: OK | CB21: OK | CC21: OK | CD21: OK | CF21: OK | CG21: OK | CH21: OK | CI21: OK | CJ21: OK | CK21: OK | CL21: OK | CM21: OK | CN21: OK | CO21: OK | CP21: OK | CQ21: OK | CR21: OK | CT21: OK | CU21: OK | CV21: OK | CW21: OK | CX21: OK | CY21: OK | DA21: OK | DB21: OK | DC21: OK | DD21: OK | DE21: OK | DF21: OK | DG21: OK | DI21: OK | DJ21: OK | DK21: OK | DM21: OK | DN21: OK | DP21: OK | DQ21: OK | DR21: OK | DS21: OK | DV21: OK | DW21: OK | DX21: OK | DY21: OK | DZ21: OK | EA21: OK | EB21: OK | EC21: OK | ED21: OK | EE21: OK | EF21: OK | EG21: OK | EH21: OK | EJ21: OK | EK21: OK | EM21: OK | EN21: OK | EO21: OK | EP21: OK | EQ21: OK | ER21: OK | ES21: OK | ET21: OK | EU21: OK | EV21: OK | EW21: OK | EX21: OK | EY21: OK | EZ21: OK | FA21: OK | FB21: OK | FC21: OK | FD21: OK | FE21: OK | FF21: OK | FG21: OK | FH21: OK | FI21: OK | FJ21: OK | FK21: OK | FM21: OK | FN21: OK | FO21: OK | FP21: OK | FQ21: OK | FT21: OK | FU21: OK | FV21: OK | FW21: OK | FX21: OK | GA21: OK | GB21: OK | GC21: OK | GD21: OK | GE21: OK | GH21: OK | GI21: OK
C22: Genel temizlik: halı, mermer mekanlar, merdivenler | E22: OK | F22: OK | G22: OK | H22: OK | I22: OK | J22: OK | K22: OK | L22: OK | N22: OK | O22: OK | P22: OK | Q22: OK | R22: OK | S22: OK | T22: SORUN | U22: OK | V22: OK | W22: OK | X22: OK | Y22: SORUN | Z22: OK | AC22: OK | AD22: OK | AE22: OK | AF22: OK | AG22: OK | AJ22: OK | AK22: OK | AL22: OK | AM22: OK | AN22: OK | AQ22: OK | AR22: OK | AS22: OK | AT22: OK | AU22: OK | AX22: OK | AY22: OK | AZ22: OK | BA22: OK | BB22: OK | BC22: OK | BD22: OK | BE22: OK | BF22: OK | BG22: OK | BH22: OK | BI22: OK | BK22: OK | BL22: OK | BM22: OK | BN22: OK | BO22: OK | BP22: OK | BR22: OK | BS22: OK | BT22: OK | BU22: OK | BV22: OK | BW22: OK | BY22: OK | BZ22: OK | CA22: OK | CB22: OK | CC22: OK | CD22: OK | CF22: OK | CG22: OK | CH22: OK | CI22: OK | CJ22: OK | CK22: OK | CL22: OK | CM22: OK | CN22: OK | CO22: OK | CP22: OK | CQ22: OK | CR22: OK | CT22: OK | CU22: OK | CV22: OK | CW22: OK | CX22: OK | CY22: OK | DA22: OK | DB22: OK | DC22: OK | DD22: OK | DE22: OK | DF22: OK | DG22: OK | DI22: OK | DJ22: OK | DK22: OK | DM22: OK | DN22: OK | DP22: OK | DQ22: OK | DR22: OK | DS22: OK | DV22: OK | DW22: OK | DX22: OK | DY22: OK | DZ22: OK | EA22: OK | EB22: OK | EC22: OK | ED22: OK | EE22: OK | EF22: OK | EG22: OK | EH22: OK | EJ22: OK | EK22: OK | EM22: OK | EN22: OK | EO22: OK | EP22: OK | EQ22: OK | ER22: OK | ES22: OK | ET22: OK | EU22: OK | EV22: OK | EW22: OK | EX22: OK | EY22: OK | EZ22: OK | FA22: OK | FB22: OK | FC22: OK | FD22: OK | FE22: OK | FF22: OK | FG22: OK | FH22: OK | FI22: OK | FJ22: OK | FK22: OK | FM22: OK | FN22: OK | FO22: OK | FP22: OK | FQ22: OK | FT22: OK | FU22: OK | FV22: OK | FW22: OK | FX22: OK | GA22: OK | GB22: OK | GC22: OK | GD22: OK | GE22: OK | GH22: OK | GI22: OK
C23: Su sebillerinde su ve bardak var mı? | E23: OK | F23: OK | G23: OK | H23: OK | I23: OK | J23: OK | K23: OK | L23: OK | N23: OK | O23: OK | P23: OK | Q23: OK | R23: OK | S23: OK | T23: OK | U23: OK | V23: OK | W23: OK | X23: OK | Y23: OK | Z23: OK | AC23: OK | AD23: OK | AE23: OK | AF23: OK | AG23: OK | AJ23: OK | AK23: OK | AL23: OK | AM23: OK | AN23: OK | AQ23: OK | AR23: OK | AS23: OK | AT23: OK | AU23: OK | AX23: OK | AY23: OK | AZ23: OK | BA23: OK | BB23: OK | BC23: OK | BD23: OK | BE23: OK | BF23: OK | BG23: OK | BH23: OK | BI23: OK | BK23: OK | BL23: OK | BM23: OK | BN23: OK | BO23: OK | BP23: OK | BR23: OK | BS23: OK | BT23: OK | BU23: OK | BV23: OK | BW23: OK | BY23: OK | BZ23: OK | CA23: OK | CB23: OK | CC23: OK | CD23: OK | CF23: OK | CG23: OK | CH23: OK | CI23: OK | CJ23: OK | CK23: OK | CL23: OK | CM23: OK | CN23: OK | CO23: OK | CP23: OK | CQ23: OK | CR23: OK | CT23: OK | CU23: OK | CV23: OK | CW23: OK | CX23: OK | CY23: OK | DA23: OK | DB23: OK | DC23: OK | DD23: OK | DE23: OK | DF23: OK | DG23: OK | DI23: OK | DJ23: OK | DK23: OK | DM23: OK | DN23: OK | DP23: OK | DQ23: OK | DR23: OK | DS23: OK | DV23: OK | DW23: OK | DX23: OK | DY23: OK | DZ23: OK | EA23: OK | EB23: OK | EC23: OK | ED23: OK | EE23: OK | EF23: OK | EG23: OK | EH23: OK | EJ23: OK | EK23: OK | EM23: OK | EN23: OK | EO23: OK | EP23: OK | EQ23: OK | ER23: OK | ES23: OK | ET23: OK | EU23: OK | EV23: OK | EW23: OK | EX23: OK | EY23: OK | EZ23: OK | FA23: OK | FB23: OK | FC23: OK | FD23: OK | FE23: OK | FF23: OK | FG23: OK | FH23: OK | FI23: OK | FJ23: OK | FK23: OK | FM23: OK | FN23: OK | FO23: OK | FP23: OK | FQ23: OK | FT23: OK | FU23: OK | FV23: OK | FW23: OK | FX23: OK | GA23: OK | GB23: OK | GC23: OK | GD23: OK | GE23: OK | GH23: OK | GI23: OK
C24: Plastik ve kağıt geri dönüşümlerin durumu | E24: OK | F24: OK | G24: OK | H24: OK | I24: OK | J24: OK | K24: OK | L24: OK | N24: OK | O24: OK | P24: OK | Q24: OK | R24: OK | S24: OK | T24: OK | U24: OK | V24: OK | W24: OK | X24: OK | Y24: OK | Z24: OK | AC24: OK | AD24: OK | AE24: OK | AF24: OK | AG24: OK | AJ24: OK | AK24: OK | AL24: OK | AM24: OK | AN24: OK | AQ24: OK | AR24: OK | AS24: OK | AT24: OK | AU24: OK | AX24: OK | AY24: OK | AZ24: OK | BA24: OK | BB24: OK | BC24: OK | BD24: OK | BE24: OK | BF24: OK | BG24: OK | BH24: OK | BI24: OK | BK24: OK | BL24: OK | BM24: SORUN | BN24: OK | BO24: OK | BP24: OK | BR24: OK | BS24: OK | BT24: OK | BU24: OK | BV24: OK | BW24: OK | BY24: OK | BZ24: OK | CA24: OK | CB24: OK | CC24: OK | CD24: OK | CF24: OK | CG24: OK | CH24: OK | CI24: OK | CJ24: OK | CK24: OK | CL24: OK | CM24: OK | CN24: OK | CO24: OK | CP24: OK | CQ24: OK | CR24: OK | CT24: OK | CU24: OK | CV24: OK | CW24: OK | CX24: OK | CY24: OK | DA24: OK | DB24: OK | DC24: OK | DD24: OK | DE24: OK | DF24: OK | DG24: OK | DI24: OK | DJ24: OK | DK24: OK | DM24: OK | DN24: OK | DP24: OK | DQ24: OK | DR24: OK | DS24: OK | DV24: OK | DW24: OK | DX24: OK | DY24: OK | DZ24: OK | EA24: OK | EB24: OK | EC24: OK | ED24: OK | EE24: OK | EF24: OK | EG24: OK | EH24: OK | EJ24: OK | EK24: OK | EM24: OK | EN24: OK | EO24: OK | EP24: OK | EQ24: OK | ER24: OK | ES24: OK | ET24: OK | EU24: OK | EV24: OK | EW24: OK | EX24: OK | EY24: OK | EZ24: OK | FA24: OK | FB24: OK | FC24: OK | FD24: OK | FE24: OK | FF24: OK | FG24: OK | FH24: OK | FI24: OK | FJ24: OK | FK24: OK | FM24: OK | FN24: OK | FO24: OK | FP24: OK | FQ24: OK | FT24: OK | FU24: OK | FV24: OK | FW24: OK | FX24: OK | GA24: OK | GB24: OK | GC24: OK | GD24: OK | GE24: OK | GH24: OK | GI24: OK
C25: Toplanlari Odaları (2025, ...) | E25: OK | F25: OK | G25: SORUN | H25: OK | I25: OK | J25: OK | K25: OK | L25: OK | N25: OK | O25: OK | P25: OK | Q25: OK | R25: OK | S25: OK | T25: OK | U25: OK | V25: OK | W25: OK | X25: OK | Y25: OK | Z25: OK | AC25: OK | AD25: OK | AE25: OK | AF25: OK | AG25: OK | AJ25: OK | AK25: OK | AL25: OK | AM25: OK | AN25: OK | AQ25: OK | AR25: OK | AS25: OK | AT25: OK | AU25: OK | AX25: OK | AY25: OK | AZ25: OK | BA25: OK | BB25: OK | BC25: OK | BD25: OK | BE25: OK | BF25: OK | BG25: OK | BH25: OK | BI25: OK | BK25: OK | BL25: OK | BM25: OK | BN25: OK | BO25: OK | BP25: OK | BR25: OK | BS25: OK | BT25: OK | BU25: OK | BV25: OK | BW25: OK | BY25: OK | BZ25: OK | CA25: OK | CB25: OK | CC25: OK | CD25: OK | CF25: OK | CG25: OK | CH25: OK | CI25: OK | CJ25: OK | CK25: OK | CL25: OK | CM25: OK | CN25: OK | CO25: OK | CP25: OK | CQ25: OK | CR25: OK | CT25: OK | CU25: OK | CV25: OK | CW25: OK | CX25: OK | CY25: OK | DA25: OK | DB25: OK | DC25: OK | DD25: OK | DE25: OK | DF25: OK | DG25: OK | DI25: OK | DJ25: OK | DK25: OK | DM25: OK | DN25: OK | DP25: OK | DQ25: OK | DR25: OK | DS25: OK | DV25: OK | DW25: OK | DX25: OK | DY25: OK | DZ25: OK | EA25: OK | EB25: OK | EC25: OK | ED25: OK | EE25: OK | EF25: OK | EG25: OK | EH25: OK | EJ25: OK | EK25: OK | EM25: OK | EN25: OK | EO25: OK | EP25: OK | EQ25: OK | ER25: OK | ES25: OK | ET25: OK | EU25: OK | EV25: OK | EW25: OK | EX25: OK | EY25: OK | EZ25: OK | FA25: OK | FB25: OK | FC25: OK | FD25: OK | FE25: OK | FF25: OK | FG25: OK | FH25: OK | FI25: OK | FJ25: OK | FK25: OK | FM25: OK | FN25: OK | FO25: OK | FP25: OK | FQ25: OK | FT25: OK | FU25: OK | FV25: OK | FW25: OK | FX25: OK | GA25: OK | GB25: OK | GC25: OK | GD25: OK | GE25: OK | GH25: OK | GI25: OK
... C27: Diğer | E27: OK | F27: OK | G27: OK | H27: OK | I27: OK | J27: OK | K27: OK | L27: OK | N27: OK | O27: OK | P27: OK | Q27: OK | R27: OK | S27: OK | T27: OK | U27: OK | V27: OK | W27: OK | X27: OK | Y27: OK | Z27: OK | AC27: OK | AD27: OK | AE27: OK | AF27: OK | AG27: OK | AJ27: OK | AK27: OK | AL27: OK | AM27: OK | AN27: OK | AQ27: OK | AR27: OK | AS27: OK | AT27: OK | AU27: OK | AX27: OK | AY27: OK | AZ27: OK | BA27: OK | BB27: OK | BC27: OK | BD27: OK | BE27: OK | BF27: OK | BG27: OK | BH27: OK | BI27: OK | BK27: OK | BL27: OK | BM27: OK | BN27: OK | BO27: OK | BP27: OK | BR27: OK | BS27: OK | BT27: OK | BU27: OK | BV27: OK | BW27: OK | BY27: OK | BZ27: OK | CA27: OK | CB27: OK | CC27: OK | CD27: OK | CF27: OK | CG27: OK | CH27: OK | CI27: OK | CJ27: OK | CK27: OK | CL27: OK | CM27: OK | CN27: OK | CO27: OK | CP27: OK | CQ27: OK | CR27: OK | CT27: OK | CU27: OK | CV27: OK | CW27: OK | CX27: OK | CY27: OK | DA27: OK | DB27: OK | DC27: OK | DD27: OK | DE27: OK | DF27: OK | DG27: OK | DI27: OK | DJ27: OK | DK27: OK | DM27: OK | DN27: OK | DP27: OK | DQ27: OK | DR27: OK | DS27: OK | DV27: OK | DW27: OK | DX27: OK | DY27: OK | DZ27: OK | EA27: OK | EB27: OK | EC27: OK | ED27: OK | EE27: OK | EF27: OK | EG27: OK | EH27: OK | EJ27: OK | EK27: OK | EM27: OK | EN27: OK | EO27: OK | EP27: OK | EQ27: OK | ER27: OK | ES27: OK | ET27: OK | EU27: OK | EV27: OK | EW27: OK | EX27: OK | EY27: OK | EZ27: OK | FA27: OK | FB27: OK | FC27: OK | FD27: OK | FE27: OK | FF27: OK | FG27: OK | FH27: OK | FI27: OK | FJ27: OK | FK27: OK | FM27: OK | FN27: OK | FO27: OK | FP27: OK | FQ27: OK | FT27: OK | FU27: OK | FV27: OK | FW27: OK | FX27: OK | GA27: OK | GB27: OK | GC27: OK | GD27: OK | GE27: OK | GH27: OK | GI27: OK
B28: KOLEKSİYON | C28: KOLEKSİYON
C29: Koleksiyon Yerleştirme | E29: OK | F29: OK | G29: OK | H29: OK | I29: OK | J29: OK | K29: OK | L29: OK | N29: OK | O29: OK | P29: OK | Q29: OK | R29: OK | S29: OK | T29: OK | U29: OK | V29: OK | W29: OK | X29: OK | Y29: OK | Z29: OK | AC29: SORUN | AD29: OK | AE29: OK | AF29: OK | AG29: OK | AJ29: OK | AK29: OK | AL29: OK | AM29: OK | AN29: OK | AQ29: OK | AR29: OK | AS29: OK | AT29: OK | AU29: OK | AX29: OK | AY29: OK | AZ29: OK | BA29: OK | BB29: OK | BC29: OK | BD29: OK | BE29: OK | BF29: OK | BG29: OK | BH29: OK | BI29: OK | BK29: OK | BL29: OK | BM29: OK | BN29: OK | BO29: OK | BP29: OK | BR29: OK | BS29: OK | BT29: OK | BU29: OK | BV29: OK | BW29: OK | BY29: OK | BZ29: OK | CA29: OK | CB29: OK | CC29: OK | CD29: OK | CF29: OK | CG29: OK | CH29: OK | CI29: OK | CJ29: OK | CK29: OK | CL29: OK | CM29: OK | CN29: OK | CO29: OK | CP29: OK | CQ29: OK | CR29: OK | CT29: OK | CU29: OK | CV29: OK | CW29: OK | CX29: OK | CY29: OK | DA29: OK | DB29: OK | DC29: OK | DD29: OK | DE29: OK | DF29: OK | DG29: OK | DI29: OK | DJ29: OK | DK29: OK | DM29: OK | DN29: OK | DP29: OK | DQ29: OK | DR29: OK | DS29: OK | DV29: OK | DW29: OK | DX29: OK | DY29: OK | DZ29: OK | EA29: OK | EB29: OK | EC29: OK | ED29: OK | EE29: OK | EF29: OK | EG29: OK | EH29: OK | EJ29: OK | EK29: OK | EM29: OK | EN29: OK | EO29: OK | EP29: OK | EQ29: OK | ER29: OK | ES29: OK | ET29: OK | EU29: OK | EV29: OK | EW29: OK | EX29: OK | EY29: OK | EZ29: OK | FA29: OK | FB29: OK | FC29: OK | FD29: OK | FE29: OK | FF29: OK | FG29: OK | FH29: OK | FI29: OK | FJ29: OK | FK29: OK | FM29: OK | FN29: OK | FO29: OK | FP29: OK | FQ29: OK | FT29: OK | FU29: OK | FV29: OK | FW29: OK | FX29: OK | GA29: OK | GB29: OK | GC29: OK | GD29: OK | GE29: OK | GH29: OK | GI29: OK
C30: Koleksiyon Düzen | E30: SORUN | F30: OK | G30: OK | H30: OK | I30: OK | J30: OK | K30: OK | L30: OK | N30: OK | O30: OK | P30: OK | Q30: OK | R30: OK | S30: OK | T30: OK | U30: OK | V30: OK | W30: OK | X30: OK | Y30: OK | Z30: OK | AC30: OK | AD30: OK | AE30: OK | AF30: OK | AG30: OK | AJ30: OK | AK30: OK | AL30: OK | AM30: OK | AN30: OK | AQ30: OK | AR30: OK | AS30: OK | AT30: OK | AU30: OK | AX30: OK | AY30: OK | AZ30: OK | BA30: OK | BB30: OK | BC30: OK | BD30: OK | BE30: OK | BF30: OK | BG30: OK | BH30: OK | BI30: OK | BK30: OK | BL30: OK | BM30: OK | BN30: OK | BO30: OK | BP30: OK | BR30: OK | BS30: OK | BT30: OK | BU30: OK | BV30: OK | BW30: OK | BY30: OK | BZ30: OK | CA30: OK | CB30: OK | CC30: OK | CD30: OK | CF30: OK | CG30: OK | CH30: OK | CI30: OK | CJ30: OK | CK30: OK | CL30: OK | CM30: OK | CN30: OK | CO30: OK | CP30: OK | CQ30: OK | CR30: OK | CT30: OK | CU30: OK | CV30: OK | CW30: OK | CX30: OK | CY30: OK | DA30: OK | DB30: OK | DC30: OK | DD30: OK | DE30: OK | DF30: OK | DG30: OK | DI30: OK | DJ30: OK | DK30: OK | DM30: OK | DN30: OK | DP30: OK | DQ30: OK | DR30: OK | DS30: OK | DV30: OK | DW30: OK | DX30: OK | DY30: OK | DZ30: OK | EA30: OK | EB30: OK | EC30: OK | ED30: OK | EE30: OK | EF30: OK | EG30: OK | EH30: OK | EJ30: OK | EK30: OK | EM30: OK | EN30: OK | EO30: OK | EP30: OK | EQ30: OK | ER30: OK | ES30: OK | ET30: OK | EU30: OK | EV30: OK | EW30: OK | EX30: OK | EY30: OK | EZ30: OK | FA30: OK | FB30: OK | FC30: OK | FD30: OK | FE30: OK | FF30: OK | FG30: OK | FH30: OK | FI30: OK | FJ30: OK | FK30: OK | FM30: OK | FN30: OK | FO30: OK | FP30: OK | FQ30: OK | FT30: OK | FU30: OK | FV30: OK | FW30: OK | FX30: OK | GA30: OK | GB30: OK | GC30: OK | GD30: OK | GE30: OK | GH30: OK | GI30: OK
C31: Koleksiyon Okunma | E31: OK | F31: OK | G31: OK | H31: OK | I31: OK | J31: OK | K31: OK | L31: OK | N31: OK | O31: OK | P31: OK | Q31: OK | R31: OK | S31: OK | T31: OK | U31: OK | V31: OK | W31: OK | X31: OK | Y31: OK | Z31: OK | AC31: OK | AD31: OK | AE31: OK | AF31: OK | AG31: OK | AJ31: OK | AK31: OK | AL31: OK | AM31: OK | AN31: OK | AQ31: OK | AR31: OK | AS31: OK | AT31: OK | AU31: OK | AX31: OK | AY31: OK | AZ31: OK | BA31: OK | BB31: OK | BC31: OK | BD31: OK | BE31: OK | BF31: OK | BG31: OK | BH31: OK | BI31: OK | BK31: OK | BL31: OK | BM31: OK | BN31: OK | BO31: OK | BP31: OK | BR31: OK | BS31: OK | BT31: OK | BU31: OK | BV31: OK | BW31: OK | BY31: OK | BZ31: OK | CA31: OK | CB31: OK | CC31: OK | CD31: OK | CF31: OK | CG31: OK | CH31: OK | CI31: OK | CJ31: OK | CK31: OK | CL31: OK | CM31: OK | CN31: OK | CO31: OK | CP31: OK | CQ31: OK | CR31: OK | CT31: OK | CU31: OK | CV31: OK | CW31: OK | CX31: OK | CY31: OK | DA31: OK | DB31: OK | DC31: OK | DD31: OK | DE31: OK | DF31: OK | DG31: OK | DI31: OK | DJ31: OK | DK31: OK | DM31: OK | DN31: OK | DP31: OK | DQ31: OK | DR31: OK | DS31: OK | DV31: OK | DW31: OK | DX31: OK | DY31: OK | DZ31: OK | EA31: OK | EB31: OK | EC31: OK | ED31: OK | EE31: OK | EF31: OK | EG31: OK | EH31: OK | EJ31: OK | EK31: OK | EM31: OK | EN31: OK | EO31: OK | EP31: OK | EQ31: OK | ER31: OK | ES31: OK | ET31: OK | EU31: OK | EV31: OK | EW31: OK | EX31: OK | EY31: OK | EZ31: OK | FA31: OK | FB31: OK | FC31: OK | FD31: OK | FE31: OK | FF31: OK | FG31: OK | FH31: OK | FI31: OK | FJ31: OK | FK31: OK | FM31: OK | FN31: OK | FO31: OK | FP31: OK | FQ31: OK | FT31: OK | FU31: OK | FV31: OK | FW31: OK | FX31: OK | GA31: OK | GB31: OK | GC31: OK | GD31: OK | GE31: OK | GH31: OK | GI31: OK
C32: Koleksiyon Aydınlatma | E32: OK | F32: OK | G32: OK | H32: OK | I32: OK | J32: OK | K32: OK | L32: OK | N32: OK | O32: OK | P32: OK | Q32: OK | R32: OK | S32: OK | T32: OK | U32: OK | V32: OK | W32: OK | X32: OK | Y32: OK | Z32: OK | AC32: OK | AD32: OK | AE32: OK | AF32: OK | AG32: OK | AJ32: OK | AK32: OK | AL32: OK | AM32: OK | AN32: OK | AQ32: OK | AR32: OK | AS32: OK | AT32: OK | AU32: OK | AX32: OK | AY32: OK | AZ32: OK | BA32: OK | BB32: OK | BC32: OK | BD32: OK | BE32: OK | BF32: OK | BG32: OK | BH32: OK | BI32: OK | BK32: OK | BL32: OK | BM32: OK | BN32: OK | BO32: OK | BP32: OK | BR32: OK | BS32: OK | BT32: OK | BU32: OK | BV32: OK | BW32: OK | BY32: OK | BZ32: OK | CA32: OK | CB32: OK | CC32: OK | CD32: OK | CF32: OK | CG32: OK | CH32: OK | CI32: OK | CJ32: OK | CK32: SORUN | CL32: OK | CM32: OK | CN32: OK | CO32: OK | CP32: OK | CQ32: OK | CR32: OK | CT32: OK | CU32: OK | CV32: OK | CW32: OK | CX32: OK | CY32: OK | DA32: OK | DB32: OK | DC32: OK | DD32: OK | DE32: OK | DF32: OK | DG32: OK | DI32: OK | DJ32: OK | DK32: OK | DM32: OK | DN32: OK | DP32: OK | DQ32: OK | DR32: OK | DS32: OK | DV32: OK | DW32: OK | DX32: OK | DY32: OK | DZ32: OK | EA32: OK | EB32: OK | EC32: OK | ED32: OK | EE32: OK | EF32: OK | EG32: OK | EH32: OK | EJ32: OK | EK32: OK | EM32: OK | EN32: OK | EO32: OK | EP32: OK | EQ32: OK | ER32: OK | ES32: OK | ET32: OK | EU32: OK | EV32: OK | EW32: OK | EX32: OK | EY32: OK | EZ32: OK | FA32: OK | FB32: OK | FC32: OK | FD32: OK | FE32: OK | FF32: OK | FG32: OK | FH32: OK | FI32: OK | FJ32: OK | FK32: OK | FM32: OK | FN32: OK | FO32: OK | FP32: OK | FQ32: OK | FT32: OK | FU32: OK | FV32: OK | FW32: OK | FX32: OK | GA32: OK | GB32: OK | GC32: OK | GD32: OK | GE32: OK | GH32: OK | GI32: OK
C33: Temizlik | E33: OK | F33: OK | G33: OK | H33: OK | I33: OK | J33: OK | K33: OK | L33: OK | N33: OK | O33: OK | P33: OK | Q33: OK | R33: OK | S33: OK | T33: OK | U33: OK | V33: OK | W33: OK | X33: OK | Y33: OK | Z33: OK | AC33: OK | AD33: OK | AE33: OK | AF33: OK | AG33: OK | AJ33: OK | AK33: OK | AL33: OK | AM33: OK | AN33: OK | AQ33: OK | AR33: OK | AS33: OK | AT33: OK | AU33: OK | AX33: OK | AY33: OK | AZ33: OK | BA33: OK | BB33: OK | BC33: OK | BD33: OK | BE33: OK | BF33: OK | BG33: OK | BH33: OK | BI33: OK | BK33: OK | BL33: OK | BM33: OK | BN33: OK | BO33: OK | BP33: OK | BR33: OK | BS33: OK | BT33: OK | BU33: OK | BV33: OK | BW33: OK | BY33: OK | BZ33: OK | CA33: OK | CB33: OK | CC33: OK | CD33: OK | CF33: OK | CG33: OK | CH33: OK | CI33: OK | CJ33: OK | CK33: OK | CL33: OK | CM33: OK | CN33: OK | CO33: OK | CP33: OK | CQ33: OK | CR33: OK | CT33: OK | CU33: OK | CV33: OK | CW33: OK | CX33: OK | CY33: OK | DA33: OK | DB33: OK | DC33: OK | DD33: OK | DE33: OK | DF33: OK | DG33: OK | DI33: OK | DJ33: OK | DK33: OK | DM33: OK | DN33: OK | DP33: OK | DQ33: OK | DR33: OK | DS33: OK | DV33: OK | DW33: OK | DX33: OK | DY33: OK | DZ33: OK | EA33: OK | EB33: OK | EC33: OK | ED33: OK | EE33: OK | EF33: OK | EG33: OK | EH33: OK | EJ33: OK | EK33: OK | EM33: OK | EN33: OK | EO33: OK | EP33: OK | EQ33: OK | ER33: OK | ES33: OK | ET33: OK | EU33: OK | EV33: OK | EW33: OK | EX33: OK | EY33: OK | EZ33: OK | FA33: OK | FB33: OK | FC33: OK | FD33: OK | FE33: OK | FF33: OK | FG33: OK | FH33: OK | FI33: OK | FJ33: OK | FK33: OK | FM33: OK | FN33: OK | FO33: OK | FP33: OK | FQ33: OK | FT33: OK | FU33: OK | FV33: OK | FW33: OK | FX33: OK | GA33: OK | GB33: OK | GC33: OK | GD33: OK | GE33: OK | GH33: OK | GI33: OK
A35: Açılış denetiminin 08:45'den önce tamamlanması gerekmektedir.
A37: SORUN ifadesi yazan bölümlerin mevcut sorunlarını görmek için lütfen ÇAĞRI İZLEME tabına bakınız
AO61: 14
AO62: 26

Sheet Açılış Denetimi
A1: Açılış Denetimi | C1: 40910 | D1: 40911 | E1: 40912 | F1: 40913 | G1: 40914 | H1: 40915 | I1: 40916 | J1: 40917 | K1: 40918 | L1: 40919 | M1: 40920 | N1: 40921 | O1: 40922 | P1: 40923 | Q1: 40924 | R1: 40925 | S1: 40926 | T1: 40927 | U1: 40928 | V1: 40929 | W1: 40930 | X1: 40931 | Y1: 40932 | Z1: 40933 | AA1: 40934 | AB1: 40935 | AC1: 40936 | AD1: 40937 | AE1: 40938 | AF1: 40939 | AG1: 40940 | AH1: 40941 | AI1: 40942 | AJ1: 40943 | AK1: 40944 | AL1: 40945 | AM1: 40946 | AN1: 40947 | AO1: 40948 | AP1: 40949 | AQ1: 40950 | AR1: 40951 | AS1: 40952 | AT1: 40953 | AU1: 40954 | AV1: 40955 | AW1: 40956 | AX1: 40957 | AY1: 40958 | AZ1: 40959 | BA1: 40960 | BB1: 40961 | BC1: 40962 | BD1: 40963 | BE1: 40964 | BF1: 40965 | BG1: 40966 | BH1: 40967 | BI1: 40968 | BJ1: 40969 | BK1: 40970 | BL1: 40971 | BM1: 40972 | BN1: 40973 | BO1: 40974 | BP1: 40975 | BQ1: 40976 | BR1: 40977 | BS1: 40978 | BT1: 40979 | BU1: 40980 | BV1: 40981 | BW1: 40982 | BX1: 40983 | BY1: 40984 | BZ1: 40985 | CA1: 40986 | CB1: 40987 | CC1: 40988 | CD1: 40989 | CE1: 40990 | CF1: 40991 | CG1: 40992 | CH1: 40993 | CI1: 40994 | CJ1: 40995 | CK1: 40996 | CL1: 40997 | CM1: 40998 | CN1: 40999 | CO1: 41000 | CP1: 41001 | CQ1: 41002 | CR1: 41003 | CS1: 41004 | CT1: 41005 | CU1: 41006 | CV1: 41007 | CW1: 41008 | CX1: 41009 | CY1: 41010 | CZ1: 41011 | DA1: 41012 | DB1: 41013 | DC1: 41014 | DD1: 41015 | DE1: 41016 | DF1: 41017 | DG1: 41018 | DH1: 41019 | DI1: 41020 | DJ1: 41021 | DK1: 41022 | DL1: 41023 | DM1: 41024 | DN1: 41025 | DO1: 41026 | DP1: 41027 | DQ1: 41028 | DR1: 41029 | DS1: 41030 | DT1: 41031 | DU1: 41032 | DV1: 41033 | DW1: 41034 | DX1: 41035 | DY1: 41036 | DZ1: 41037 | EA1: 41038 | EB1: 41039 | EC1: 41040 | ED1: 41041 | EE1: 41042 | EF1: 41043 | EG1: 41044 | EH1: 41045 | EI1: 41046 | EJ1: 41047 | EK1: 41048 | EL1: 41049 | EM1: 41050 | EN1: 41051 | EO1: 41052 | EP1: 41053 | EQ1: 41054 | ER1: 41055 | ES1: 41056 | ET1: 41057 | EU1: 41058 | EV1: 41059 | EW1: 41060 | EX1: 41061 | EY1: 41062 | EZ1: 41063 | FA1: 41064 | FB1: 41065 | FC1: 41066 | FD1: 41067 | FE1: 41068 | FF1: 41069 | FG1: 41070 | FH1: 41071 | FI1: 41072 | FJ1: 41073 | FK1: 41074 | FL1: 41075 | FM1: 41076 | FN1: 41077 | FO1: 41078 | FP1: 41079 | FQ1: 41080 | FR1: 41081 | FS1: 41082 | FT1: 41083 | FU1: 41084 | FV1: 41085 | FW1: 41086 | FX1: 41087 | FY1: 41088 | FZ1: 41089 | GA1: 41090 | GB1: 41091 | GC1: 41092 | GD1: 41093 | GE1: 41094 | GF1: 41095 | GG1: 41096 | GH1: 41097 | GI1: 41098 | GJ1: 41099 | GK1: 41100 | GL1: 41101 | GM1: 41102 | GN1: 41103 | GO1: 41104 | GP1: 41105 | GQ1: 41106 | GR1: 41107 | GS1: 41108 | GT1: 41109 | GU1: 41110 | GV1: 41111 | GW1: 41112 | GX1: 41113 | GY1: 41114 | GZ1: 41115 | HA1: 41116 | HB1: 41117 | HC1: 41118 | HD1: 41119 | HE1: 41120 | HF1: 41121 | HG1: 41122 | HH1: 41123 | HI1: 41124 | HJ1: 41125 | HK1: 41126 | HL1: 41127 | HM1: 41128 | HN1: 41129 | HO1: 41130 | HP1: 41131 | HQ1: 41132 | HR1: 41133 | HS1: 41134 | HT1: 41135 | HU1: 41136 | HV1: 41137 | HW1: 41138 | HX1: 41139 | HY1: 41140 | HZ1: 41141 | IA1: 41142 | IB1: 41143 | IC1: 41144 | ID1: 41145 | IE1: 41146 | IF1: 41147 | IG1: 41148 | IH1: 41149 | II1: 41150 | IJ1: 41151 | IK1: 41152 | IL1: 41153 | IM1: 41154 | IN1: 41155 | IO1: 41156 | IP1: 41157 | IQ1: 41158 | IR1: 41159 | IS1: 41160 | IT1: 41161 | IU1: 41162 | IV1: 41163 | IW1: 41164 | IX1: 41165 | IY1: 41166 | IZ1: 41167 | JA1: 41168 | JB1: 41169 | JC1: 41170 | JD1: 41171 | JE1: 41172 | JF1: 41173 | JG1: 41174 | JH1: 41175 | JI1: 41176 | JJ1: 41177 | JK1: 41178 | JL1: 41179 | JM1: 41180 | JN1: 41181 | JO1: 41182 | JP1: 41183 | JQ1: 41184 | JR1: 41185 | JS1: 41186 | JT1: 41187 | JU1: 41188 | JV1: 41189 | JW1: 41190 | JX1: 41191 | JY1: 41192 | JZ1: 41193 | KA1: 41194 | KB1: 41195 | KC1: 41196 | KD1: 41197 | KE1: 41198 | KF1: 41199 | KG1: 41200 | KH1: 41201 | KI1: 41202 | KJ1: 41203 | KK1: 41204 | KL1: 41205 | KM1: 41206 | KN1: 41207 | KO1: 41208 | KP1: 41209 | KQ1: 41210 | KR1: 41211 | KS1: 41212 | KT1: 41213 | KU1: 41214 | KV1: 41215 | KW1: 41216 | KX1: 41217 | KY1: 41218 | KZ1: 41219 | LA1: 41220 | LB1: 41221 | LC1: 41222 | LD1: 41223 | LE1: 41224 | LF1: 41225 | LG1: 41226 | LH1: 41227 | LI1: 41228 | LJ1: 41229 | LK1: 41230 | LL1: 41231 | LM1: 41232 | LN1: 41233 | LO1: 41234 | LP1: 41235 | LQ1: 41236 | LR1: 41237 | LS1: 41238 | LT1: 41239 | LU1: 41240 | LV1: 41241 | LW1: 41242 | LX1: 41243 | LY1: 41244 | LZ1: 41245 | MA1: 41246 | MB1: 41247 | MC1: 41248 | MD1: 41249 | ME1: 41250 | MF1: 41251 | MG1: 41252 | MH1: 41253 | MI1: 41254 | MJ1: 41255 | MK1: 41256 | ML1: 41257 | MM1: 41258 | MN1: 41259 | MO1: 41260 | MP1: 41261 | MQ1: 41262 | MR1: 41263 | MS1: 41264 | MT1: 41265 | MU1: 41266 | MV1: 41267 | MW1: 41268 | MX1: 41269 | MY1: 41270 | MZ1: 41271 | NA1: 41272 | NB1: 41273 | NC1: 41274 | ND1: Sorun Sayısı
A2: Genel Kontrol | B2: 3M Güvenlik Kapıları | ND2: =COUNTIF(C4:NC4,"SORUN") -> 0
B3: Acil Çıkış Kapıları ve Plastikleri | ND3: =COUNTIF(C5:NC5,"SORUN") -> 0
B4: Fotokopi Cihazları | ND4: =COUNTIF(C6:NC6,"SORUN") -> 0
B5: Tuvaletler Sabun ve Kağıt Havlu Durumu | ND5: =COUNTIF(C7:NC7,"SORUN") -> 0
B6: Tarama Terminalleri | ND6: =COUNTIF(C8:NC8,"SORUN") -> 0
B7: Su Sebilleri Bardak-Su Durumu | ND7: =COUNTIF(C9:NC9,"SORUN") -> 0
B8: Diğer | ND8: =COUNTIF(C10:NC10,"SORUN") -> 0
A9: Düzen | B9: Havuza Bakan Koltuklar | ND9: =COUNTIF(C11:NC11,"SORUN") -> 0
B10: Çalışma Masaları Sandalyeleri | ND10: =COUNTIF(C12:NC12,"SORUN") -> 0
B11: Grup Çalışma Odaları | ND11: =COUNTIF(C13:NC13,"SORUN") -> 0
B12: Grup Projeksiyon Odaları | ND12: =COUNTIF(C14:NC14,"SORUN") -> 0
B13: Bireysel Çalışma Karelleri | ND13: =COUNTIF(C15:NC15,"SORUN") -> 0
B14: Gazete Koltukları ve Sehpaları | ND14: =COUNTIF(C16:NC16,"SORUN") -> 0
B15: 7-24 Okuma Salonu | ND15: =COUNTIF(C17:NC17,"SORUN") -> 0
B16: Kitap ve Multimedya Koleksiyonu | ND16: =COUNTIF(C18:NC18,"SORUN") -> 0
B17: Diğer | ND17: =COUNTIF(C19:NC19,"SORUN") -> 0
A18: Temizlik | B18: Grup Odaları Kapı Camları | ND18: =COUNTIF(C20:NC20,"SORUN") -> 0
B19: Çalışma Masaları | ND19: =COUNTIF(C21:NC21,"SORUN") -> 0
B20: Pencereler | ND20: =COUNTIF(C22:NC22,"SORUN") -> 0
B21: Halı ve Mermer Zeminler | ND21: =COUNTIF(C23:NC23,"SORUN") -> 0
B22: Olmuksa ve Geri Dönüşüm Kutuları | ND22: =COUNTIF(C24:NC24,"SORUN") -> 0
B23: Bireysel Çalışma Karelleri | ND23: =COUNTIF(C25:NC25,"SORUN") -> 0
B24: Kitap ve Multimedya Koleksiyonu | ND24: =COUNTIF(C26:NC26,"SORUN") -> 0
B25: 7-24 Okuma Salonu | ND25: =COUNTIF(C27:NC27,"SORUN") -> 0
B26: Toplantı Odaları | ND26: =COUNTIF(C28:NC28,"SORUN") -> 0
B27: Asansör | ND27: =COUNTIF(C29:NC29,"SORUN") -> 0
B28: Diğer | ND28: =COUNTIF(C30:NC30,"SORUN") -> 0
A29: Elektrik-Isıtma-Boyama | B29: Aplik, Floresan, Spot vb. | ND29: =COUNTIF(C31:NC31,"SORUN") -> 0
B30: Prizler ve Elektrik Anahtarları | ND30: =COUNTIF(C32:NC32,"SORUN") -> 0
B31: Havalandırma | ND31: =COUNTIF(C33:NC33,"SORUN") -> 0
B32: Petekler | ND32: =COUNTIF(C34:NC34,"SORUN") -> 0
B33: Boya-Badana İhtiyacı | ND33: =COUNTIF(C35:NC35,"SORUN") -> 0
B34: Diğer | ND34: =COUNTIF(C36:NC36,"SORUN") -> 0

Sheet Kapanış Denetimi
A1: Kapanış Denetimi | C1: 40910 | D1: 40911 | E1: 40912 | F1: 40913 | G1: 40914 | H1: 40915 | I1: 40916 | J1: 40917 | K1: 40918 | L1: 40919 | M1: 40920 | N1: 40921 | O1: 40922 | P1: 40923 | Q1: 40924 | R1: 40925 | S1: 40926 | T1: 40927 | U1: 40928 | V1: 40929 | W1: 40930 | X1: 40931 | Y1: 40932 | Z1: 40933 | AA1: 40934 | AB1: 40935 | AC1: 40936 | AD1: 40937 | AE1: 40938 | AF1: 40939 | AG1: 40940 | AH1: 40941 | AI1: 40942 | AJ1: 40943 | AK1: 40944 | AL1: 40945 | AM1: 40946 | AN1: 40947 | AO1: 40948 | AP1: 40949 | AQ1: 40950 | AR1: 40951 | AS1: 40952 | AT1: 40953 | AU1: 40954 | AV1: 40955 | AW1: 40956 | AX1: 40957 | AY1: 40958 | AZ1: 40959 | BA1: 40960 | BB1: 40961 | BC1: 40962 | BD1: 40963 | BE1: 40964 | BF1: 40965 | BG1: 40966 | BH1: 40967 | BI1: 40968 | BJ1: 40969 | BK1: 40970 | BL1: 40971 | BM1: 40972 | BN1: 40973 | BO1: 40974 | BP1: 40975 | BQ1: 40976 | BR1: 40977 | BS1: 40978 | BT1: 40979 | BU1: 40980 | BV1: 40981 | BW1: 40982 | BX1: 40983 | BY1: 40984 | BZ1: 40985 | CA1: 40986 | CB1: 40987 | CC1: 40988 | CD1: 40989 | CE1: 40990 | CF1: 40991 | CG1: 40992 | CH1: 40993 | CI1: 40994 | CJ1: 40995 | CK1: 40996 | CL1: 40997 | CM1: 40998 | CN1: 40999 | CO1: 41000 | CP1: 41001 | CQ1: 41002 | CR1: 41003 | CS1: 41004 | CT1: 41005 | CU1: 41006 | CV1: 41007 | CW1: 41008 | CX1: 41009 | CY1: 41010 | CZ1: 41011 | DA1: 41012 | DB1: 41013 | DC1: 41014 | DD1: 41015 | DE1: 41016 | DF1: 41017 | DG1: 41018 | DH1: 41019 | DI1: 41020 | DJ1: 41021 | DK1: 41022 | DL1: 41023 | DM1: 41024 | DN1: 41025 | DO1: 41026 | DP1: 41027 | DQ1: 41028 | DR1: 41029 | DS1: 41030 | DT1: 41031 | DU1: 41032 | DV1: 41033 | DW1: 41034 | DX1: 41035 | DY1: 41036 | DZ1: 41037 | EA1: 41038 | EB1: 41039 | EC1: 41040 | ED1: 41041 | EE1: 41042 | EF1: 41043 | EG1: 41044 | EH1: 41045 | EI1: 41046 | EJ1: 41047 | EK1: 41048 | EL1: 41049 | EM1: 41050 | EN1: 41051 | EO1: 41052 | EP1: 41053 | EQ1: 41054 | ER1: 41055 | ES1: 41056 | ET1: 41057 | EU1: 41058 | EV1: 41059 | EW1: 41060 | EX1: 41061 | EY1: 41062 | EZ1: 41063 | FA1: 41064 | FB1: 41065 | FC1: 41066 | FD1: 41067 | FE1: 41068 | FF1: 41069 | FG1: 41070 | FH1: 41071 | FI1: 41072 | FJ1: 41073 | FK1: 41074 | FL1: 41075 | FM1: 41076 | FN1: 41077 | FO1: 41078 | FP1: 41079 | FQ1: 41080 | FR1: 41081 | FS1: 41082 | FT1: 41083 | FU1: 41084 | FV1: 41085 | FW1: 41086 | FX1: 41087 | FY1: 41088 | FZ1: 41089 | GA1: 41090 | GB1: 41091 | GC1: 41092 | GD1: 41093 | GE1: 41094 | GF1: 41095 | GG1: 41096 | GH1: 41097 | GI1: 41098 | GJ1: 41099 | GK1: 41100 | GL1: 41101 | GM1: 41102 | GN1: 41103 | GO1: 41104 | GP1: 41105 | GQ1: 41106 | GR1: 41107 | GS1: 41108 | GT1: 41109 | GU1: 41110 | GV1: 41111 | GW1: 41112 | GX1: 41113 | GY1: 41114 | GZ1: 41115 | HA1: 41116 | HB1: 41117 | HC1: 41118 | HD1: 41119 | HE1: 41120 | HF1: 41121 | HG1: 41122 | HH1: 41123 | HI1: 41124 | HJ1: 41125 | HK1: 41126 | HL1: 41127 | HM1: 41128 | HN1: 41129 | HO1: 41130 | HP1: 41131 | HQ1: 41132 | HR1: 41133 | HS1: 41134 | HT1: 41135 | HU1: 41136 | HV1: 41137 | HW1: 41138 | HX1: 41139 | HY1: 41140 | HZ1: 41141 | IA1: 41142 | IB1: 41143 | IC1: 41144 | ID1: 41145 | IE1: 41146 | IF1: 41147 | IG1: 41148 | IH1: 41149 | II1: 41150 | IJ1: 41151 | IK1: 41152 | IL1: 41153 | IM1: 41154 | IN1: 41155 | IO1: 41156 | IP1: 41157 | IQ1: 41158 | IR1: 41159 | IS1: 41160 | IT1: 41161 | IU1: 41162 | IV1: 41163 | IW1: 41164 | IX1: 41165 | IY1: 41166 | IZ1: 41167 | JA1: 41168 | JB1: 41169 | JC1: 41170 | JD1: 41171 | JE1: 41172 | JF1: 41173 | JG1: 41174 | JH1: 41175 | JI1: 41176 | JJ1: 41177 | JK1: 41178 | JL1: 41179 | JM1: 41180 | JN1: 41181 | JO1: 41182 | JP1: 41183 | JQ1: 41184 | JR1: 41185 | JS1: 41186 | JT1: 41187 | JU1: 41188 | JV1: 41189 | JW1: 41190 | JX1: 41191 | JY1: 41192 | JZ1: 41193 | KA1: 41194 | KB1: 41195 | KC1: 41196 | KD1: 41197 | KE1: 41198 | KF1: 41199 | KG1: 41200 | KH1: 41201 | KI1: 41202 | KJ1: 41203 | KK1: 41204 | KL1: 41205 | KM1: 41206 | KN1: 41207 | KO1: 41208 | KP1: 41209 | KQ1: 41210 | KR1: 41211 | KS1: 41212 | KT1: 41213 | KU1: 41214 | KV1: 41215 | KW1: 41216 | KX1: 41217 | KY1: 41218 | KZ1: 41219 | LA1: 41220 | LB1: 41221 | LC1: 41222 | LD1: 41223 | LE1: 41224 | LF1: 41225 | LG1: 41226 | LH1: 41227 | LI1: 41228 | LJ1: 41229 | LK1: 41230 | LL1: 41231 | LM1: 41232 | LN1: 41233 | LO1: 41234 | LP1: 41235 | LQ1: 41236 | LR1: 41237 | LS1: 41238 | LT1: 41239 | LU1: 41240 | LV1: 41241 | LW1: 41242 | LX1: 41243 | LY1: 41244 | LZ1: 41245 | MA1: 41246 | MB1: 41247 | MC1: 41248 | MD1: 41249 | ME1: 41250 | MF1: 41251 | MG1: 41252 | MH1: 41253 | MI1: 41254 | MJ1: 41255 | MK1: 41256 | ML1: 41257 | MM1: 41258 | MN1: 41259 | MO1: 41260 | MP1: 41261 | MQ1: 41262 | MR1: 41263 | MS1: 41264 | MT1: 41265 | MU1: 41266 | MV1: 41267 | MW1: 41268 | MX1: 41269 | MY1: 41270 | MZ1: 41271 | NA1: 41272 | NB1: 41273 | NC1: 41274 | ND1: Sorun Sayısı
A2: Genel Kontrol | B2: 3M Güvenlik Kapıları | ND2: =COUNTIF(C4:NC4,"SORUN") -> 0
B3: Acil Çıkış Kapıları ve Plastikleri | ND3: =COUNTIF(C5:NC5,"SORUN") -> 0
B4: Fotokopi Cihazları | ND4: =COUNTIF(C6:NC6,"SORUN") -> 0
B5: Tuvaletler Sabun ve Kağıt Havlu Durumu | ND5: =COUNTIF(C7:NC7,"SORUN") -> 0
B6: Tarama Terminalleri | ND6: =COUNTIF(C8:NC8,"SORUN") -> 0
B7: Su Sebilleri Bardak-Su Durumu | ND7: =COUNTIF(C9:NC9,"SORUN") -> 0
B8: Diğer | ND8: =COUNTIF(C10:NC10,"SORUN") -> 0
A9: Düzen | B9: Havuza Bakan Koltuklar | ND9: =COUNTIF(C11:NC11,"SORUN") -> 0
B10: Çalışma Masaları Sandalyeleri | ND10: =COUNTIF(C12:NC12,"SORUN") -> 0
B11: Grup Çalışma Odaları | ND11: =COUNTIF(C13:NC13,"SORUN") -> 0
B12: Grup Projeksiyon Odaları | ND12: =COUNTIF(C14:NC14,"SORUN") -> 0
B13: Bireysel Çalışma Karelleri | ND13: =COUNTIF(C15:NC15,"SORUN") -> 0
B14: Gazete Koltukları ve Sehpaları | ND14: =COUNTIF(C16:NC16,"SORUN") -> 0
B15: 7-24 Okuma Salonu | ND15: =COUNTIF(C17:NC17,"SORUN") -> 0
B16: Kitap ve Multimedya Koleksiyonu | ND16: =COUNTIF(C18:NC18,"SORUN") -> 0
B17: Diğer | ND17: =COUNTIF(C19:NC19,"SORUN") -> 0
A18: Temizlik | B18: Grup Odaları Kapı Camları | ND18: =COUNTIF(C20:NC20,"SORUN") -> 0
B19: Çalışma Masaları | ND19: =COUNTIF(C21:NC21,"SORUN") -> 0
B20: Pencereler | ND20: =COUNTIF(C22:NC22,"SORUN") -> 0
B21: Halı ve Mermer Zeminler | ND21: =COUNTIF(C23:NC23,"SORUN") -> 0
B22: Olmuksa ve Geri Dönüşüm Kutuları | ND22: =COUNTIF(C24:NC24,"SORUN") -> 0
B23: Bireysel Çalışma Karelleri | ND23: =COUNTIF(C25:NC25,"SORUN") -> 0
B24: Kitap ve Multimedya Koleksiyonu | ND24: =COUNTIF(C26:NC26,"SORUN") -> 0
B25: 7-24 Okuma Salonu | ND25: =COUNTIF(C27:NC27,"SORUN") -> 0
B26: Toplantı Odaları | ND26: =COUNTIF(C28:NC28,"SORUN") -> 0
B27: Asansör | ND27: =COUNTIF(C29:NC29,"SORUN") -> 0
B28: Diğer | ND28: =COUNTIF(C30:NC30,"SORUN") -> 0
A29: Elektrik-Isıtma-Boyama | B29: Aplik, Floresan, Spot vb. | ND29: =COUNTIF(C31:NC31,"SORUN") -> 0
B30: Prizler ve Elektrik Anahtarları | ND30: =COUNTIF(C32:NC32,"SORUN") -> 0
B31: Havalandırma | ND31: =COUNTIF(C33:NC33,"SORUN") -> 0
B32: Petekler | ND32: =COUNTIF(C34:NC34,"SORUN") -> 0
B33: Boya-Badana İhtiyacı | ND33: =COUNTIF(C35:NC35,"SORUN") -> 0
B34: Diğer | ND34: =COUNTIF(C36:NC36,"SORUN") -> 0

Sheet Çağrı İzleme
A1: BİLDİRİLEN ÇAĞRILAR
A3: ÇAĞRI TÜRÜ | C3: OCAK | D3: ŞUBAT | E3: MART | F3: NISAN | G3: MAYIS | H3: HAZIRAN | I3: TEMMUZ | J3: AĞUSTOS | K3: EYLÜL | L3: EKIM | M3: KASIM | N3: ARALIK
A5: AYDINLATMA | C5: =SUMPRODUCT((MONTH($Q$13:$R$1135)=1)*($M$13:$N$1135=$A5)) -> 0 | D5: =SUMPRODUCT((MONTH($Q$13:$R$1135)=2)*($M$13:$N$1135=$A5)) -> 0 | E5: =SUMPRODUCT((MONTH($Q$13:$R$1135)=3)*($M$13:$N$1135=$A5)) -> 0 | F5: =SUMPRODUCT((MONTH($Q$13:$R$1135)=4)*($M$13:$N$1135=$A5)) -> 0 | G5: =SUMPRODUCT((MONTH($Q$13:$R$1135)=5)*($M$13:$N$1135=$A5)) -> 0 | H5: =SUMPRODUCT((MONTH($Q$13:$R$1135)=6)*($M$13:$N$1135=$A5)) -> 0 | I5: =SUMPRODUCT((MONTH($Q$13:$R$1135)=7)*($M$13:$N$1135=$A5)) -> 0 | J5: =SUMPRODUCT((MONTH($Q$13:$R$1135)=8)*($M$13:$N$1135=$A5)) -> 0 | K5: =SUMPRODUCT((MONTH($Q$13:$R$1135)=9)*($M$13:$N$1135=$A5)) -> 0 | L5: =SUMPRODUCT((MONTH($Q$13:$R$1135)=10)*($M$13:$N$1135=$A5)) -> 0 | M5: =SUMPRODUCT((MONTH($Q$13:$R$1135)=11)*($M$13:$N$1135=$A5)) -> 0 | N5: =SUMPRODUCT((MONTH($Q$13:$R$1135)=12)*($M$13:$N$1135=$A5)) -> 0 | O5: =SUM(C5:N5) -> 0
A6: TEMİZLİK | C6: =SUMPRODUCT((MONTH($Q$13:$R$1135)=1)*($M$13:$N$1135=$A6)) -> 0 | D6: =SUMPRODUCT((MONTH($Q$13:$R$1135)=2)*($M$13:$N$1135=$A6)) -> 0 | E6: =SUMPRODUCT((MONTH($Q$13:$R$1135)=3)*($M$13:$N$1135=$A6)) -> 0 | F6: =SUMPRODUCT((MONTH($Q$13:$R$1135)=4)*($M$13:$N$1135=$A6)) -> 0 | G6: =SUMPRODUCT((MONTH($Q$13:$R$1135)=5)*($M$13:$N$1135=$A6)) -> 0 | H6: =SUMPRODUCT((MONTH($Q$13:$R$1135)=6)*($M$13:$N$1135=$A6)) -> 0 | I6: =SUMPRODUCT((MONTH($Q$13:$R$1135)=7)*($M$13:$N$1135=$A6)) -> 0 | J6: =SUMPRODUCT((MONTH($Q$13:$R$1135)=8)*($M$13:$N$1135=$A6)) -> 0 | K6: =SUMPRODUCT((MONTH($Q$13:$R$1135)=9)*($M$13:$N$1135=$A6)) -> 0 | L6: =SUMPRODUCT((MONTH($Q$13:$R$1135)=10)*($M$13:$N$1135=$A6)) -> 0 | M6: =SUMPRODUCT((MONTH($Q$13:$R$1135)=11)*($M$13:$N$1135=$A6)) -> 0 | N6: =SUMPRODUCT((MONTH($Q$13:$R$1135)=12)*($M$13:$N$1135=$A6)) -> 0 | O6: =SUM(C6:N6) -> 0
A7: BİNA | C7: =SUMPRODUCT((MONTH($Q$13:$R$1135)=1)*($M$13:$N$1135=$A7)) -> 0 | D7: =SUMPRODUCT((MONTH($Q$13:$R$1135)=2)*($M$13:$N$1135=$A7)) -> 0 | E7: =SUMPRODUCT((MONTH($Q$13:$R$1135)=3)*($M$13:$N$1135=$A7)) -> 0 | F7: =SUMPRODUCT((MONTH($Q$13:$R$1135)=4)*($M$13:$N$1135=$A7)) -> 0 | G7: =SUMPRODUCT((MONTH($Q$13:$R$1135)=5)*($M$13:$N$1135=$A7)) -> 0 | H7: =SUMPRODUCT((MONTH($Q$13:$R$1135)=6)*($M$13:$N$1135=$A7)) -> 0 | I7: =SUMPRODUCT((MONTH($Q$13:$R$1135)=7)*($M$13:$N$1135=$A7)) -> 0 | J7: =SUMPRODUCT((MONTH($Q$13:$R$1135)=8)*($M$13:$N$1135=$A7)) -> 0 | K7: =SUMPRODUCT((MONTH($Q$13:$R$1135)=9)*($M$13:$N$1135=$A7)) -> 0 | L7: =SUMPRODUCT((MONTH($Q$13:$R$1135)=10)*($M$13:$N$1135=$A7)) -> 0 | M7: =SUMPRODUCT((MONTH($Q$13:$R$1135)=11)*($M$13:$N$1135=$A7)) -> 0 | N7: =SUMPRODUCT((MONTH($Q$13:$R$1135)=12)*($M$13:$N$1135=$A7)) -> 0 | O7: =SUM(C7:N7) -> 0
A8: PORTER | C8: =SUMPRODUCT((MONTH($Q$13:$R$1135)=1)*($M$13:$N$1135=$A8)) -> 0 | D8: =SUMPRODUCT((MONTH($Q$13:$R$1135)=2)*($M$13:$N$1135=$A8)) -> 0 | E8: =SUMPRODUCT((MONTH($Q$13:$R$1135)=3)*($M$13:$N$1135=$A8)) -> 0 | F8: =SUMPRODUCT((MONTH($Q$13:$R$1135)=4)*($M$13:$N$1135=$A8)) -> 0 | G8: =SUMPRODUCT((MONTH($Q$13:$R$1135)=5)*($M$13:$N$1135=$A8)) -> 0 | H8: =SUMPRODUCT((MONTH($Q$13:$R$1135)=6)*($M$13:$N$1135=$A8)) -> 0 | I8: =SUMPRODUCT((MONTH($Q$13:$R$1135)=7)*($M$13:$N$1135=$A8)) -> 0 | J8: =SUMPRODUCT((MONTH($Q$13:$R$1135)=8)*($M$13:$N$1135=$A8)) -> 0 | K8: =SUMPRODUCT((MONTH($Q$13:$R$1135)=9)*($M$13:$N$1135=$A8)) -> 0 | L8: =SUMPRODUCT((MONTH($Q$13:$R$1135)=10)*($M$13:$N$1135=$A8)) -> 0 | M8: =SUMPRODUCT((MONTH($Q$13:$R$1135)=11)*($M$13:$N$1135=$A8)) -> 0 | N8: =SUMPRODUCT((MONTH($Q$13:$R$1135)=12)*($M$13:$N$1135=$A8)) -> 0 | O8: =SUM(C8:N8) -> 0
A9: DİĞER | C9: =SUMPRODUCT((MONTH($Q$13:$R$1135)=1)*($M$13:$N$1135=$A9)) -> 0 | D9: =SUMPRODUCT((MONTH($Q$13:$R$1135)=2)*($M$13:$N$1135=$A9)) -> 0 | E9: =SUMPRODUCT((MONTH($Q$13:$R$1135)=3)*($M$13:$N$1135=$A9)) -> 0 | F9: =SUMPRODUCT((MONTH($Q$13:$R$1135)=4)*($M$13:$N$1135=$A9)) -> 0 | G9: =SUMPRODUCT((MONTH($Q$13:$R$1135)=5)*($M$13:$N$1135=$A9)) -> 0 | H9: =SUMPRODUCT((MONTH($Q$13:$R$1135)=6)*($M$13:$N$1135=$A9)) -> 0 | I9: =SUMPRODUCT((MONTH($Q$13:$R$1135)=7)*($M$13:$N$1135=$A9)) -> 0 | J9: =SUMPRODUCT((MONTH($Q$13:$R$1135)=8)*($M$13:$N$1135=$A9)) -> 0 | K9: =SUMPRODUCT((MONTH($Q$13:$R$1135)=9)*($M$13:$N$1135=$A9)) -> 0 | L9: =SUMPRODUCT((MONTH($Q$13:$R$1135)=10)*($M$13:$N$1135=$A9)) -> 0 | M9: =SUMPRODUCT((MONTH($Q$13:$R$1135)=11)*($M$13:$N$1135=$A9)) -> 0 | N9: =SUMPRODUCT((MONTH($Q$13:$R$1135)=12)*($M$13:$N$1135=$A9)) -> 0 | O9: =SUM(C9:N9) -> 0
A10: TOPLAM | C10: =SUM(C5:C9) -> 0 | D10: =SUM(D5:D9) -> 0 | E10: =SUM(E5:E9) -> 0 | F10: =SUM(F5:F9) -> 0 | G10: =SUM(G5:G9) -> 0 | H10: =SUM(H5:H9) -> 0 | I10: =SUM(I5:I9) -> 0 | J10: =SUM(J5:J9) -> 0 | ... O10: =SUM(O5:O9) -> 0
A12: NO | B12: AY | C12: ÇAĞRI AÇIKLAMASI | M12: KONU | O12: DURUM | Q12: AÇILIŞ | S12: KAPANIŞ | U12: AÇTIRAN
A13: 1
A14: 2
A15: 3
A16: 4
A17: 5
A18: 6
A19: 7
A20: 8
A21: 9
A22: 10
A23: 11
A24: 12
... A261: 249

Sheet Kafa Sayımı
C2: Gündüz Vardiyası | D2: Pazartesi | E2: Salı | F2: Çarşamba | G2: Perşembe | H2: Cuma | I2: Cumartesi | J2: Pazar | K2: Pazartesi | L2: Salı | M2: Çarşamba | N2: Perşembe | O2: Cuma | P2: Cumartesi | Q2: Pazar | R2: Pazartesi | S2: Salı | T2: Çarşamba | U2: Perşembe | V2: Cuma | W2: Cumartesi | X2: Pazar | Y2: Pazartesi | Z2: Salı | AA2: Çarşamba | AB2: Perşembe | AC2: Cuma | AD2: Cumartesi | AE2: Pazar | AF2: Pazartesi | AG2: Salı | AH2: Çarşamba | AI2: Perşembe | AJ2: Cuma | AK2: Cumartesi | AL2: Pazar | AM2: Pazartesi | AN2: Salı | AO2: Çarşamba | AP2: Perşembe | AQ2: Cuma | AR2: Cumartesi | AS2: Pazar | AT2: Pazartesi | AU2: Salı | AV2: Çarşamba | AW2: Perşembe | AX2: Cuma | AY2: Cumartesi | AZ2: Pazar | BA2: Pazartesi | BB2: Salı | BC2: Çarşamba | BD2: Perşembe | BE2: Cuma | BF2: Cumartesi | BG2: Pazar | BH2: Pazartesi | BI2: Salı | BJ2: Çarşamba | BK2: Perşembe | BL2: Cuma | BM2: Cumartesi | BN2: Pazar | BO2: Pazartesi | BP2: Salı | BQ2: Çarşamba | BR2: Perşembe | BS2: Cuma | BT2: Cumartesi | BU2: Pazar | BV2: Pazartesi | BW2: Salı | BX2: Çarşamba | BY2: Perşembe | BZ2: Cuma | CA2: Cumartesi | CB2: Pazar | CC2: Pazartesi | CD2: Salı | CE2: Çarşamba | CF2: Perşembe | CG2: Cuma | CH2: Cumartesi | CI2: Pazar | CJ2: Pazartesi | CK2: Salı | CL2: Çarşamba | CM2: Perşembe | CN2: Cuma | CO2: Cumartesi | CP2: Pazar | CQ2: Pazartesi | CR2: Salı | CS2: Çarşamba | CT2: Perşembe | CU2: Cuma | CV2: Cumartesi | CW2: Pazar | CX2: Pazartesi | CY2: Salı | CZ2: Çarşamba | DA2: Perşembe | DB2: Cuma | DC2: Cumartesi | DD2: Pazar | DE2: Pazartesi | DF2: Salı | DG2: Çarşamba | DH2: Perşembe | DI2: Cuma | DJ2: Cumartesi | DK2: Pazar | DL2: Pazartesi | DM2: Salı | DN2: Çarşamba | DO2: Perşembe | DP2: Cuma | DQ2: Cumartesi | DR2: Pazar | DS2: Pazartesi | DT2: Salı | DU2: Çarşamba | DV2: Perşembe | DW2: Cuma | DX2: Cumartesi | DY2: Pazar | DZ2: Pazartesi | EA2: Salı | EB2: Çarşamba | EC2: Perşembe | ED2: Cuma | EE2: Cumartesi | EF2: Pazar | EG2: Pazartesi | EH2: Salı | EI2: Çarşamba | EJ2: Perşembe | EK2: Cuma | EL2: Cumartesi | EM2: Pazar | EN2: Pazartesi | EO2: Salı | EP2: Çarşamba | EQ2: Perşembe | ER2: Cuma | ES2: Cumartesi | ET2: Pazar | EU2: Pazartesi | EV2: Salı | EW2: Çarşamba | EX2: Perşembe | EY2: Cuma | EZ2: Cumartesi | FA2: Pazar | FB2: Pazartesi | FC2: Salı | FD2: Çarşamba | FE2: Perşembe | FF2: Cuma | FG2: Cumartesi | FH2: Pazar | FI2: Pazartesi | FJ2: Salı | FK2: Çarşamba | FL2: Perşembe | FM2: Cuma | FN2: Cumartesi | FO2: Pazar | FP2: Pazartesi | FQ2: Salı | FR2: Çarşamba | FS2: Perşembe | FT2: Cuma | FU2: Cumartesi | FV2: Pazar | FW2: Pazartesi | FX2: Salı | FY2: Çarşamba | FZ2: Perşembe | GA2: Cuma | GB2: Cumartesi | GC2: Pazar | GD2: Pazartesi | GE2: Salı | GF2: Çarşamba | GG2: Perşembe | GH2: Cuma | GI2: Cumartesi | GJ2: Pazar | GK2: Pazartesi | GL2: Salı | GM2: Çarşamba | GN2: Perşembe | GO2: Cuma | GP2: Cumartesi | GQ2: Pazar | GR2: Pazartesi | GS2: Salı | GT2: Çarşamba | GU2: Perşembe | GV2: Cuma | GW2: Cumartesi | GX2: Pazar | GY2: Pazartesi | GZ2: Salı | HA2: Çarşamba | HB2: Perşembe | HC2: Cuma | HD2: Cumartesi | HE2: Pazar | HF2: Pazartesi | HG2: Salı | HH2: Çarşamba | HI2: Perşembe | HJ2: Cuma | HK2: Cumartesi | HL2: Pazar | HM2: Pazartesi | HN2: Salı | HO2: Çarşamba | HP2: Perşembe | HQ2: Cuma | HR2: Cumartesi | HS2: Pazar | HT2: Pazartesi | HU2: Salı | HV2: Çarşamba | HW2: Perşembe | HX2: Cuma | HY2: Cumartesi | HZ2: Pazar | IA2: Pazartesi | IB2: Salı | IC2: Çarşamba | ID2: Perşembe | IE2: Cuma | IF2: Cumartesi | IG2: Pazar | IH2: Pazartesi | II2: Salı | IJ2: Çarşamba | IK2: Perşembe | IL2: Cuma | IM2: Cumartesi | IN2: Pazar | IO2: Pazartesi | IP2: Salı | IQ2: Çarşamba | IR2: Perşembe | IS2: Cuma | IT2: Cumartesi | IU2: Pazar | IV2: Pazartesi | IW2: Salı | IX2: Çarşamba | IY2: Perşembe | IZ2: Cuma | JA2: Cumartesi | JB2: Pazar | JC2: Pazartesi | JD2: Salı | JE2: Çarşamba | JF2: Perşembe | JG2: Cuma | JH2: Cumartesi | JI2: Pazar | JJ2: Pazartesi | JK2: Salı | JL2: Çarşamba | JM2: Perşembe | JN2: Cuma | JO2: Cumartesi | JP2: Pazar | JQ2: Pazartesi | JR2: Salı | JS2: Çarşamba | JT2: Perşembe | JU2: Cuma | JV2: Cumartesi | JW2: Pazar | JX2: Pazartesi | JY2: Salı | JZ2: Çarşamba | KA2: Perşembe | KB2: Cuma | KC2: Cumartesi | KD2: Pazar | KE2: Pazartesi | KF2: Salı | KG2: Çarşamba | KH2: Perşembe | KI2: Cuma | KJ2: Cumartesi | KK2: Pazar | KL2: Pazartesi | KM2: Salı | KN2: Çarşamba | KO2: Perşembe | KP2: Cuma | KQ2: Cumartesi | KR2: Pazar | KS2: Pazartesi | KT2: Salı | KU2: Çarşamba | KV2: Perşembe | KW2: Cuma | KX2: Cumartesi | KY2: Pazar | KZ2: Pazartesi | LA2: Salı | LB2: Çarşamba | LC2: Perşembe | LD2: Cuma | LE2: Cumartesi | LF2: Pazar | LG2: Pazartesi | LH2: Salı | LI2: Çarşamba | LJ2: Perşembe | LK2: Cuma | LL2: Cumartesi | LM2: Pazar | LN2: Pazartesi | LO2: Salı | LP2: Çarşamba | LQ2: Perşembe | LR2: Cuma | LS2: Cumartesi | LT2: Pazar | LU2: Pazartesi | LV2: Salı | LW2: Çarşamba | LX2: Perşembe | LY2: Cuma | LZ2: Cumartesi | MA2: Pazar | MB2: Pazartesi | MC2: Salı | MD2: Çarşamba | ME2: Perşembe | MF2: Cuma | MG2: Cumartesi | MH2: Pazar | MI2: Pazartesi | MJ2: Salı | MK2: Çarşamba | ML2: Perşembe | MM2: Cuma | MN2: Cumartesi | MO2: Pazar | MP2: Pazartesi | MQ2: Salı | MR2: Çarşamba | MS2: Perşembe | MT2: Cuma | MU2: Cumartesi | MV2: Pazar | MW2: Pazartesi | MX2: Salı | MY2: Çarşamba | MZ2: Perşembe | NA2: Cuma | NB2: Cumartesi | NC2: Pazar | ND2: Pazartesi
C4: Gece Vardiyası
C6: Nöbet Ekibi
C8: Kapalı - Tatil
D9: 40910 | E9: 40911 | F9: 40912 | G9: 40913 | H9: 40914 | I9: 40915 | J9: 40916 | K9: 40917 | L9: 40918 | M9: 40919 | N9: 40920 | O9: 40921 | P9: 40922 | Q9: 40923 | R9: 40924 | S9: 40925 | T9: 40926 | U9: 40927 | V9: 40928 | W9: 40929 | X9: 40930 | Y9: 40931 | Z9: 40932 | AA9: 40933 | AB9: 40934 | AC9: 40935 | AD9: 40936 | AE9: 40937 | AF9: 40938 | AG9: 40939 | AH9: 40940 | AI9: 40941 | AJ9: 40942 | AK9: 40943 | AL9: 40944 | AM9: 40945 | AN9: 40946 | AO9: 40947 | AP9: 40948 | AQ9: 40949 | AR9: 40950 | AS9: 40951 | AT9: 40952 | AU9: 40953 | AV9: 40954 | AW9: 40955 | AX9: 40956 | AY9: 40957 | AZ9: 40958 | BA9: 40959 | BB9: 40960 | BC9: 40961 | BD9: 40962 | BE9: 40963 | BF9: 40964 | BG9: 40965 | BH9: 40966 | BI9: 40967 | BJ9: 40968 | BK9: 40969 | BL9: 40970 | BM9: 40971 | BN9: 40972 | BO9: 40973 | BP9: 40974 | BQ9: 40975 | BR9: 40976 | BS9: 40977 | BT9: 40978 | BU9: 40979 | BV9: 40980 | BW9: 40981 | BX9: 40982 | BY9: 40983 | BZ9: 40984 | CA9: 40985 | CB9: 40986 | CC9: 40987 | CD9: 40988 | CE9: 40989 | CF9: 40990 | CG9: 40991 | CH9: 40992 | CI9: 40993 | CJ9: 40994 | CK9: 40995 | CL9: 40996 | CM9: 40997 | CN9: 40998 | CO9: 40999 | CP9: 41000 | CQ9: 41001 | CR9: 41002 | CS9: 41003 | CT9: 41004 | CU9: 41005 | CV9: 41006 | CW9: 41007 | CX9: 41008 | CY9: 41009 | CZ9: 41010 | DA9: 41011 | DB9: 41012 | DC9: 41013 | DD9: 41014 | DE9: 41015 | DF9: 41016 | DG9: 41017 | DH9: 41018 | DI9: 41019 | DJ9: 41020 | DK9: 41021 | DL9: 41022 | DM9: 41023 | DN9: 41024 | DO9: 41025 | DP9: 41026 | DQ9: 41027 | DR9: 41028 | DS9: 41029 | DT9: 41030 | DU9: 41031 | DV9: 41032 | DW9: 41033 | DX9: 41034 | DY9: 41035 | DZ9: 41036 | EA9: 41037 | EB9: 41038 | EC9: 41039 | ED9: 41040 | EE9: 41041 | EF9: 41042 | EG9: 41043 | EH9: 41044 | EI9: 41045 | EJ9: 41046 | EK9: 41047 | EL9: 41048 | EM9: 41049 | EN9: 41050 | EO9: 41051 | EP9: 41052 | EQ9: 41053 | ER9: 41054 | ES9: 41055 | ET9: 41056 | EU9: 41057 | EV9: 41058 | EW9: 41059 | EX9: 41060 | EY9: 41061 | EZ9: 41062 | FA9: 41063 | FB9: 41064 | FC9: 41065 | FD9: 41066 | FE9: 41067 | FF9: 41068 | FG9: 41069 | FH9: 41070 | FI9: 41071 | FJ9: 41072 | FK9: 41073 | FL9: 41074 | FM9: 41075 | FN9: 41076 | FO9: 41077 | FP9: 41078 | FQ9: 41079 | FR9: 41080 | FS9: 41081 | FT9: 41082 | FU9: 41083 | FV9: 41084 | FW9: 41085 | FX9: 41086 | FY9: 41087 | FZ9: 41088 | GA9: 41089 | GB9: 41090 | GC9: 41091 | GD9: 41092 | GE9: 41093 | GF9: 41094 | GG9: 41095 | GH9: 41096 | GI9: 41097 | GJ9: 41098 | GK9: 41099 | GL9: 41100 | GM9: 41101 | GN9: 41102 | GO9: 41103 | GP9: 41104 | GQ9: 41105 | GR9: 41106 | GS9: 41107 | GT9: 41108 | GU9: 41109 | GV9: 41110 | GW9: 41111 | GX9: 41112 | GY9: 41113 | GZ9: 41114 | HA9: 41115 | HB9: 41116 | HC9: 41117 | HD9: 41118 | HE9: 41119 | HF9: 41120 | HG9: 41121 | HH9: 41122 | HI9: 41123 | HJ9: 41124 | HK9: 41125 | HL9: 41126 | HM9: 41127 | HN9: 41128 | HO9: 41129 | HP9: 41130 | HQ9: 41131 | HR9: 41132 | HS9: 41133 | HT9: 41134 | HU9: 41135 | HV9: 41136 | HW9: 41137 | HX9: 41138 | HY9: 41139 | HZ9: 41140 | IA9: 41141 | IB9: 41142 | IC9: 41143 | ID9: 41144 | IE9: 41145 | IF9: 41146 | IG9: 41147 | IH9: 41148 | II9: 41149 | IJ9: 41150 | IK9: 41151 | IL9: 41152 | IM9: 41153 | IN9: 41154 | IO9: 41155 | IP9: 41156 | IQ9: 41157 | IR9: 41158 | IS9: 41159 | IT9: 41160 | IU9: 41161 | IV9: 41162 | IW9: 41163 | IX9: 41164 | IY9: 41165 | IZ9: 41166 | JA9: 41167 | JB9: 41168 | JC9: 41169 | JD9: 41170 | JE9: 41171 | JF9: 41172 | JG9: 41173 | JH9: 41174 | JI9: 41175 | JJ9: 41176 | JK9: 41177 | JL9: 41178 | JM9: 41179 | JN9: 41180 | JO9: 41181 | JP9: 41182 | JQ9: 41183 | JR9: 41184 | JS9: 41185 | JT9: 41186 | JU9: 41187 | JV9: 41188 | JW9: 41189 | JX9: 41190 | JY9: 41191 | JZ9: 41192 | KA9: 41193 | KB9: 41194 | KC9: 41195 | KD9: 41196 | KE9: 41197 | KF9: 41198 | KG9: 41199 | KH9: 41200 | KI9: 41201 | KJ9: 41202 | KK9: 41203 | KL9: 41204 | KM9: 41205 | KN9: 41206 | KO9: 41207 | KP9: 41208 | KQ9: 41209 | KR9: 41210 | KS9: 41211 | KT9: 41212 | KU9: 41213 | KV9: 41214 | KW9: 41215 | KX9: 41216 | KY9: 41217 | KZ9: 41218 | LA9: 41219 | LB9: 41220 | LC9: 41221 | LD9: 41222 | LE9: 41223 | LF9: 41224 | LG9: 41225 | LH9: 41226 | LI9: 41227 | LJ9: 41228 | LK9: 41229 | LL9: 41230 | LM9: 41231 | LN9: 41232 | LO9: 41233 | LP9: 41234 | LQ9: 41235 | LR9: 41236 | LS9: 41237 | LT9: 41238 | LU9: 41239 | LV9: 41240 | LW9: 41241 | LX9: 41242 | LY9: 41243 | LZ9: 41244 | MA9: 41245 | MB9: 41246 | MC9: 41247 | MD9: 41248 | ME9: 41249 | MF9: 41250 | MG9: 41251 | MH9: 41252 | MI9: 41253 | MJ9: 41254 | MK9: 41255 | ML9: 41256 | MM9: 41257 | MN9: 41258 | MO9: 41259 | MP9: 41260 | MQ9: 41261 | MR9: 41262 | MS9: 41263 | MT9: 41264 | MU9: 41265 | MV9: 41266 | MW9: 41267 | MX9: 41268 | MY9: 41269 | MZ9: 41270 | NA9: 41271 | NB9: 41272 | NC9: 41273 | ND9: 41274
C10: 0.375 | D10: ='Kafa Sayımı Veri Girişi'!D20 -> 0 | E10: ='Kafa Sayımı Veri Girişi'!E20 -> 0 | F10: ='Kafa Sayımı Veri Girişi'!F20 -> 0 | G10: ='Kafa Sayımı Veri Girişi'!G20 -> 0 | H10: ='Kafa Sayımı Veri Girişi'!H20 -> 0 | K10: ='Kafa Sayımı Veri Girişi'!K20 -> 0 | L10: ='Kafa Sayımı Veri Girişi'!L20 -> 0 | M10: ='Kafa Sayımı Veri Girişi'!M20 -> 0 | N10: ='Kafa Sayımı Veri Girişi'!N20 -> 0 | O10: ='Kafa Sayımı Veri Girişi'!O20 -> 0 | R10: ='Kafa Sayımı Veri Girişi'!R20 -> 0 | S10: ='Kafa Sayımı Veri Girişi'!S20 -> 0 | T10: ='Kafa Sayımı Veri Girişi'!T20 -> 0 | U10: ='Kafa Sayımı Veri Girişi'!U20 -> 0 | V10: ='Kafa Sayımı Veri Girişi'!V20 -> 0 | Y10: ='Kafa Sayımı Veri Girişi'!Y20 -> 0 | Z10: ='Kafa Sayımı Veri Girişi'!Z20 -> 0 | AA10: ='Kafa Sayımı Veri Girişi'!AA20 -> 0 | AB10: ='Kafa Sayımı Veri Girişi'!AB20 -> 0 | AC10: ='Kafa Sayımı Veri Girişi'!AC20 -> 0 | AF10: ='Kafa Sayımı Veri Girişi'!AF20 -> 0 | AG10: ='Kafa Sayımı Veri Girişi'!AG20 -> 0 | AH10: ='Kafa Sayımı Veri Girişi'!AH20 -> 0 | AI10: ='Kafa Sayımı Veri Girişi'!AI20 -> 0 | AJ10: ='Kafa Sayımı Veri Girişi'!AJ20 -> 0 | AM10: ='Kafa Sayımı Veri Girişi'!AM20 -> 0 | AN10: ='Kafa Sayımı Veri Girişi'!AN20 -> 0 | AO10: ='Kafa Sayımı Veri Girişi'!AO20 -> 0 | AP10: ='Kafa Sayımı Veri Girişi'!AP20 -> 0 | AQ10: ='Kafa Sayımı Veri Girişi'!AQ20 -> 0 | AT10: ='Kafa Sayımı Veri Girişi'!AT20 -> 0 | AU10: ='Kafa Sayımı Veri Girişi'!AU20 -> 0 | AV10: ='Kafa Sayımı Veri Girişi'!AV20 -> 0 | AW10: ='Kafa Sayımı Veri Girişi'!AW20 -> 0 | AX10: ='Kafa Sayımı Veri Girişi'!AX20 -> 0 | BA10: ='Kafa Sayımı Veri Girişi'!BA20 -> 0 | BB10: ='Kafa Sayımı Veri Girişi'!BB20 -> 0 | BC10: ='Kafa Sayımı Veri Girişi'!BC20 -> 0 | BD10: ='Kafa Sayımı Veri Girişi'!BD20 -> 0 | BE10: ='Kafa Sayımı Veri Girişi'!BE20 -> 0 | BH10: ='Kafa Sayımı Veri Girişi'!BH20 -> 0 | BI10: ='Kafa Sayımı Veri Girişi'!BI20 -> 0 | BJ10: ='Kafa Sayımı Veri Girişi'!BJ20 -> 0 | BK10: ='Kafa Sayımı Veri Girişi'!BK20 -> 0 | BL10: ='Kafa Sayımı Veri Girişi'!BL20 -> 0 | BO10: ='Kafa Sayımı Veri Girişi'!BO20 -> 0 | BP10: ='Kafa Sayımı Veri Girişi'!BP20 -> 0 | BQ10: ='Kafa Sayımı Veri Girişi'!BQ20 -> 0 | BR10: ='Kafa Sayımı Veri Girişi'!BR20 -> 0 | BS10: ='Kafa Sayımı Veri Girişi'!BS20 -> 0 | BV10: ='Kafa Sayımı Veri Girişi'!BV20 -> 0 | BW10: ='Kafa Sayımı Veri Girişi'!BW20 -> 0 | BX10: ='Kafa Sayımı Veri Girişi'!BX20 -> 0 | BY10: ='Kafa Sayımı Veri Girişi'!BY20 -> 0 | BZ10: ='Kafa Sayımı Veri Girişi'!BZ20 -> 0 | CC10: ='Kafa Sayımı Veri Girişi'!CC20 -> 0 | CD10: ='Kafa Sayımı Veri Girişi'!CD20 -> 0 | CE10: ='Kafa Sayımı Veri Girişi'!CE20 -> 0 | CF10: ='Kafa Sayımı Veri Girişi'!CF20 -> 0 | CG10: ='Kafa Sayımı Veri Girişi'!CG20 -> 0 | CJ10: ='Kafa Sayımı Veri Girişi'!CJ20 -> 0 | CK10: ='Kafa Sayımı Veri Girişi'!CK20 -> 0 | CL10: ='Kafa Sayımı Veri Girişi'!CL20 -> 0 | CM10: ='Kafa Sayımı Veri Girişi'!CM20 -> 0 | CN10: ='Kafa Sayımı Veri Girişi'!CN20 -> 0 | CQ10: ='Kafa Sayımı Veri Girişi'!CQ20 -> 0 | CR10: ='Kafa Sayımı Veri Girişi'!CR20 -> 0 | CS10: ='Kafa Sayımı Veri Girişi'!CS20 -> 0 | CT10: ='Kafa Sayımı Veri Girişi'!CT20 -> 0 | CU10: ='Kafa Sayımı Veri Girişi'!CU20 -> 0 | CX10: ='Kafa Sayımı Veri Girişi'!CX20 -> 0 | CY10: ='Kafa Sayımı Veri Girişi'!CY20 -> 0 | CZ10: ='Kafa Sayımı Veri Girişi'!CZ20 -> 0 | DA10: ='Kafa Sayımı Veri Girişi'!DA20 -> 0 | DB10: ='Kafa Sayımı Veri Girişi'!DB20 -> 0 | DE10: ='Kafa Sayımı Veri Girişi'!DE20 -> 0 | DF10: ='Kafa Sayımı Veri Girişi'!DF20 -> 0 | DG10: ='Kafa Sayımı Veri Girişi'!DG20 -> 0 | DH10: ='Kafa Sayımı Veri Girişi'!DH20 -> 0 | DI10: ='Kafa Sayımı Veri Girişi'!DI20 -> 0 | DL10: ='Kafa Sayımı Veri Girişi'!DL20 -> 0 | DM10: ='Kafa Sayımı Veri Girişi'!DM20 -> 0 | DN10: ='Kafa Sayımı Veri Girişi'!DN20 -> 0 | DO10: ='Kafa Sayımı Veri Girişi'!DO20 -> 0 | DP10: ='Kafa Sayımı Veri Girişi'!DP20 -> 0 | DS10: ='Kafa Sayımı Veri Girişi'!DS20 -> 0 | DT10: ='Kafa Sayımı Veri Girişi'!DT20 -> 0 | DU10: ='Kafa Sayımı Veri Girişi'!DU20 -> 0 | DV10: ='Kafa Sayımı Veri Girişi'!DV20 -> 0 | DW10: ='Kafa Sayımı Veri Girişi'!DW20 -> 0 | DZ10: ='Kafa Sayımı Veri Girişi'!DZ20 -> 0 | EA10: ='Kafa Sayımı Veri Girişi'!EA20 -> 0 | EB10: ='Kafa Sayımı Veri Girişi'!EB20 -> 0 | EC10: ='Kafa Sayımı Veri Girişi'!EC20 -> 0 | ED10: ='Kafa Sayımı Veri Girişi'!ED20 -> 0 | EG10: ='Kafa Sayımı Veri Girişi'!EG20 -> 0 | EH10: ='Kafa Sayımı Veri Girişi'!EH20 -> 0 | EI10: ='Kafa Sayımı Veri Girişi'!EI20 -> 0 | EJ10: ='Kafa Sayımı Veri Girişi'!EJ20 -> 0 | EK10: ='Kafa Sayımı Veri Girişi'!EK20 -> 0 | EN10: ='Kafa Sayımı Veri Girişi'!EN20 -> 0 | EO10: ='Kafa Sayımı Veri Girişi'!EO20 -> 0 | EP10: ='Kafa Sayımı Veri Girişi'!EP20 -> 0 | EQ10: ='Kafa Sayımı Veri Girişi'!EQ20 -> 0 | ER10: ='Kafa Sayımı Veri Girişi'!ER20 -> 0 | EU10: ='Kafa Sayımı Veri Girişi'!EU20 -> 0 | EV10: ='Kafa Sayımı Veri Girişi'!EV20 -> 0 | EW10: ='Kafa Sayımı Veri Girişi'!EW20 -> 0 | EX10: ='Kafa Sayımı Veri Girişi'!EX20 -> 0 | EY10: ='Kafa Sayımı Veri Girişi'!EY20 -> 0 | FB10: ='Kafa Sayımı Veri Girişi'!FB20 -> 0 | FC10: ='Kafa Sayımı Veri Girişi'!FC20 -> 0 | FD10: ='Kafa Sayımı Veri Girişi'!FD20 -> 0 | FE10: ='Kafa Sayımı Veri Girişi'!FE20 -> 0 | FF10: ='Kafa Sayımı Veri Girişi'!FF20 -> 0 | FI10: ='Kafa Sayımı Veri Girişi'!FI20 -> 0 | FJ10: ='Kafa Sayımı Veri Girişi'!FJ20 -> 0 | FK10: ='Kafa Sayımı Veri Girişi'!FK20 -> 0 | FL10: ='Kafa Sayımı Veri Girişi'!FL20 -> 0 | FM10: ='Kafa Sayımı Veri Girişi'!FM20 -> 0 | FP10: ='Kafa Sayımı Veri Girişi'!FP20 -> 0 | FQ10: ='Kafa Sayımı Veri Girişi'!FQ20 -> 0 | FR10: ='Kafa Sayımı Veri Girişi'!FR20 -> 0 | FS10: ='Kafa Sayımı Veri Girişi'!FS20 -> 0 | FT10: ='Kafa Sayımı Veri Girişi'!FT20 -> 0 | FW10: ='Kafa Sayımı Veri Girişi'!FW20 -> 0 | FX10: ='Kafa Sayımı Veri Girişi'!FX20 -> 0 | FY10: ='Kafa Sayımı Veri Girişi'!FY20 -> 0 | FZ10: ='Kafa Sayımı Veri Girişi'!FZ20 -> 0 | GA10: ='Kafa Sayımı Veri Girişi'!GA20 -> 0 | GD10: ='Kafa Sayımı Veri Girişi'!GD20 -> 0 | GE10: ='Kafa Sayımı Veri Girişi'!GE20 -> 0 | GF10: ='Kafa Sayımı Veri Girişi'!GF20 -> 0 | GG10: ='Kafa Sayımı Veri Girişi'!GG20 -> 0 | GH10: ='Kafa Sayımı Veri Girişi'!GH20 -> 0 | GK10: ='Kafa Sayımı Veri Girişi'!GK20 -> 0 | GL10: ='Kafa Sayımı Veri Girişi'!GL20 -> 0 | GM10: ='Kafa Sayımı Veri Girişi'!GM20 -> 0 | GN10: ='Kafa Sayımı Veri Girişi'!GN20 -> 0 | GO10: ='Kafa Sayımı Veri Girişi'!GO20 -> 0 | GR10: ='Kafa Sayımı Veri Girişi'!GR20 -> 0 | GS10: ='Kafa Sayımı Veri Girişi'!GS20 -> 0 | GT10: ='Kafa Sayımı Veri Girişi'!GT20 -> 0 | GU10: ='Kafa Sayımı Veri Girişi'!GU20 -> 0 | GV10: ='Kafa Sayımı Veri Girişi'!GV20 -> 0 | GY10: ='Kafa Sayımı Veri Girişi'!CJ20 -> 0 | GZ10: ='Kafa Sayımı Veri Girişi'!CK20 -> 0 | HA10: ='Kafa Sayımı Veri Girişi'!CL20 -> 0 | HB10: ='Kafa Sayımı Veri Girişi'!CM20 -> 0 | HC10: ='Kafa Sayımı Veri Girişi'!CN20 -> 0 | HF10: ='Kafa Sayımı Veri Girişi'!CQ20 -> 0 | HG10: ='Kafa Sayımı Veri Girişi'!CR20 -> 0 | HH10: ='Kafa Sayımı Veri Girişi'!CS20 -> 0 | HI10: ='Kafa Sayımı Veri Girişi'!CT20 -> 0 | HJ10: ='Kafa Sayımı Veri Girişi'!CU20 -> 0 | HM10: ='Kafa Sayımı Veri Girişi'!CX20 -> 0 | HN10: ='Kafa Sayımı Veri Girişi'!CY20 -> 0 | HO10: ='Kafa Sayımı Veri Girişi'!CZ20 -> 0 | HP10: ='Kafa Sayımı Veri Girişi'!DA20 -> 0 | HQ10: ='Kafa Sayımı Veri Girişi'!DB20 -> 0 | HT10: ='Kafa Sayımı Veri Girişi'!DE20 -> 0 | HU10: ='Kafa Sayımı Veri Girişi'!DF20 -> 0 | HV10: ='Kafa Sayımı Veri Girişi'!DG20 -> 0 | HW10: ='Kafa Sayımı Veri Girişi'!DH20 -> 0 | HX10: ='Kafa Sayımı Veri Girişi'!DI20 -> 0 | IA10: ='Kafa Sayımı Veri Girişi'!DL20 -> 0 | IB10: ='Kafa Sayımı Veri Girişi'!DM20 -> 0 | IC10: ='Kafa Sayımı Veri Girişi'!DN20 -> 0 | ID10: ='Kafa Sayımı Veri Girişi'!DO20 -> 0 | IE10: ='Kafa Sayımı Veri Girişi'!DP20 -> 0 | IH10: ='Kafa Sayımı Veri Girişi'!DS20 -> 0 | II10: ='Kafa Sayımı Veri Girişi'!DT20 -> 0 | IJ10: ='Kafa Sayımı Veri Girişi'!DU20 -> 0 | IK10: ='Kafa Sayımı Veri Girişi'!DV20 -> 0 | IL10: ='Kafa Sayımı Veri Girişi'!DW20 -> 0 | IO10: ='Kafa Sayımı Veri Girişi'!DZ20 -> 0 | IP10: ='Kafa Sayımı Veri Girişi'!EA20 -> 0 | IQ10: ='Kafa Sayımı Veri Girişi'!EB20 -> 0 | IR10: ='Kafa Sayımı Veri Girişi'!EC20 -> 0 | IS10: ='Kafa Sayımı Veri Girişi'!ED20 -> 0 | IV10: ='Kafa Sayımı Veri Girişi'!EG20 -> 0 | IW10: ='Kafa Sayımı Veri Girişi'!EH20 -> 0 | IX10: ='Kafa Sayımı Veri Girişi'!EI20 -> 0 | IY10: ='Kafa Sayımı Veri Girişi'!EJ20 -> 0 | IZ10: ='Kafa Sayımı Veri Girişi'!EK20 -> 0 | JC10: ='Kafa Sayımı Veri Girişi'!EN20 -> 0 | JD10: ='Kafa Sayımı Veri Girişi'!EO20 -> 0 | JE10: ='Kafa Sayımı Veri Girişi'!EP20 -> 0 | JF10: ='Kafa Sayımı Veri Girişi'!EQ20 -> 0 | JG10: ='Kafa Sayımı Veri Girişi'!ER20 -> 0 | JJ10: ='Kafa Sayımı Veri Girişi'!EU20 -> 0 | JK10: ='Kafa Sayımı Veri Girişi'!EV20 -> 0 | JL10: ='Kafa Sayımı Veri Girişi'!EW20 -> 0 | JM10: ='Kafa Sayımı Veri Girişi'!EX20 -> 0 | JN10: ='Kafa Sayımı Veri Girişi'!EY20 -> 0 | JQ10: ='Kafa Sayımı Veri Girişi'!FB20 -> 0 | JR10: ='Kafa Sayımı Veri Girişi'!FC20 -> 0 | JS10: ='Kafa Sayımı Veri Girişi'!FD20 -> 0 | JT10: ='Kafa Sayımı Veri Girişi'!FE20 -> 0 | JU10: ='Kafa Sayımı Veri Girişi'!FF20 -> 0 | JX10: ='Kafa Sayımı Veri Girişi'!FI20 -> 0 | JY10: ='Kafa Sayımı Veri Girişi'!FJ20 -> 0 | JZ10: ='Kafa Sayımı Veri Girişi'!FK20 -> 0 | KA10: ='Kafa Sayımı Veri Girişi'!FL20 -> 0 | KB10: ='Kafa Sayımı Veri Girişi'!FM20 -> 0 | KE10: ='Kafa Sayımı Veri Girişi'!FP20 -> 0 | KF10: ='Kafa Sayımı Veri Girişi'!FQ20 -> 0 | KG10: ='Kafa Sayımı Veri Girişi'!FR20 -> 0 | KH10: ='Kafa Sayımı Veri Girişi'!FS20 -> 0 | KI10: ='Kafa Sayımı Veri Girişi'!FT20 -> 0 | KL10: ='Kafa Sayımı Veri Girişi'!FW20 -> 0 | KM10: ='Kafa Sayımı Veri Girişi'!FX20 -> 0 | KN10: ='Kafa Sayımı Veri Girişi'!FY20 -> 0 | KO10: ='Kafa Sayımı Veri Girişi'!FZ20 -> 0 | KP10: ='Kafa Sayımı Veri Girişi'!GA20 -> 0 | KS10: ='Kafa Sayımı Veri Girişi'!GD20 -> 0 | KT10: ='Kafa Sayımı Veri Girişi'!GE20 -> 0 | KU10: ='Kafa Sayımı Veri Girişi'!GF20 -> 0 | KV10: ='Kafa Sayımı Veri Girişi'!GG20 -> 0 | KW10: ='Kafa Sayımı Veri Girişi'!GH20 -> 0 | KZ10: ='Kafa Sayımı Veri Girişi'!GK20 -> 0 | LA10: ='Kafa Sayımı Veri Girişi'!GL20 -> 0 | LB10: ='Kafa Sayımı Veri Girişi'!GM20 -> 0 | LC10: ='Kafa Sayımı Veri Girişi'!GN20 -> 0 | LD10: ='Kafa Sayımı Veri Girişi'!GO20 -> 0 | LG10: ='Kafa Sayımı Veri Girişi'!GR20 -> 0 | LH10: ='Kafa Sayımı Veri Girişi'!GS20 -> 0 | LI10: ='Kafa Sayımı Veri Girişi'!GT20 -> 0 | LJ10: ='Kafa Sayımı Veri Girişi'!GU20 -> 0 | LK10: ='Kafa Sayımı Veri Girişi'!GV20 -> 0 | LN10: ='Kafa Sayımı Veri Girişi'!GY20 -> 0 | LO10: ='Kafa Sayımı Veri Girişi'!GZ20 -> 0 | LP10: ='Kafa Sayımı Veri Girişi'!HA20 -> 0 | LQ10: ='Kafa Sayımı Veri Girişi'!HB20 -> 0 | LR10: ='Kafa Sayımı Veri Girişi'!HC20 -> 0 | LU10: ='Kafa Sayımı Veri Girişi'!HF20 -> 0 | LV10: ='Kafa Sayımı Veri Girişi'!HG20 -> 0 | LW10: ='Kafa Sayımı Veri Girişi'!HH20 -> 0 | LX10: ='Kafa Sayımı Veri Girişi'!HI20 -> 0 | LY10: ='Kafa Sayımı Veri Girişi'!HJ20 -> 0 | MB10: ='Kafa Sayımı Veri Girişi'!HM20 -> 0 | MC10: ='Kafa Sayımı Veri Girişi'!HN20 -> 0 | MD10: ='Kafa Sayımı Veri Girişi'!HO20 -> 0 | ME10: ='Kafa Sayımı Veri Girişi'!HP20 -> 0 | MF10: ='Kafa Sayımı Veri Girişi'!HQ20 -> 0 | MI10: ='Kafa Sayımı Veri Girişi'!HT20 -> 0 | MJ10: ='Kafa Sayımı Veri Girişi'!HU20 -> 0 | MK10: ='Kafa Sayımı Veri Girişi'!HV20 -> 0 | ML10: ='Kafa Sayımı Veri Girişi'!HW20 -> 0 | MM10: ='Kafa Sayımı Veri Girişi'!HX20 -> 0 | MP10: ='Kafa Sayımı Veri Girişi'!IA20 -> 0 | MQ10: ='Kafa Sayımı Veri Girişi'!IB20 -> 0 | MR10: ='Kafa Sayımı Veri Girişi'!IC20 -> 0 | MS10: ='Kafa Sayımı Veri Girişi'!ID20 -> 0 | MT10: ='Kafa Sayımı Veri Girişi'!IE20 -> 0 | MW10: ='Kafa Sayımı Veri Girişi'!IH20 -> 0 | MX10: ='Kafa Sayımı Veri Girişi'!II20 -> 0 | MY10: ='Kafa Sayımı Veri Girişi'!IJ20 -> 0 | MZ10: ='Kafa Sayımı Veri Girişi'!IK20 -> 0 | NA10: ='Kafa Sayımı Veri Girişi'!IL20 -> 0 | ND10: ='Kafa Sayımı Veri Girişi'!IO20 -> 0 | NE10: =SUM(D10:ND10) -> 0
C11: 0.41666667 | D11: ='Kafa Sayımı Veri Girişi'!D37 -> 0 | E11: ='Kafa Sayımı Veri Girişi'!E37 -> 0 | F11: ='Kafa Sayımı Veri Girişi'!F37 -> 0 | G11: ='Kafa Sayımı Veri Girişi'!G37 -> 0 | H11: ='Kafa Sayımı Veri Girişi'!H37 -> 0 | K11: ='Kafa Sayımı Veri Girişi'!K37 -> 0 | L11: ='Kafa Sayımı Veri Girişi'!L37 -> 0 | M11: ='Kafa Sayımı Veri Girişi'!M37 -> 0 | N11: ='Kafa Sayımı Veri Girişi'!N37 -> 0 | O11: ='Kafa Sayımı Veri Girişi'!O37 -> 0 | R11: ='Kafa Sayımı Veri Girişi'!R37 -> 0 | S11: ='Kafa Sayımı Veri Girişi'!S37 -> 0 | T11: ='Kafa Sayımı Veri Girişi'!T37 -> 0 | U11: ='Kafa Sayımı Veri Girişi'!U37 -> 0 | V11: ='Kafa Sayımı Veri Girişi'!V37 -> 0 | Y11: ='Kafa Sayımı Veri Girişi'!Y37 -> 0 | Z11: ='Kafa Sayımı Veri Girişi'!Z37 -> 0 | AA11: ='Kafa Sayımı Veri Girişi'!AA37 -> 0 | AB11: ='Kafa Sayımı Veri Girişi'!AB37 -> 0 | AC11: ='Kafa Sayımı Veri Girişi'!AC37 -> 0 | AF11: ='Kafa Sayımı Veri Girişi'!AF37 -> 0 | AG11: ='Kafa Sayımı Veri Girişi'!AG37 -> 0 | AH11: ='Kafa Sayımı Veri Girişi'!AH37 -> 0 | AI11: ='Kafa Sayımı Veri Girişi'!AI37 -> 0 | AJ11: ='Kafa Sayımı Veri Girişi'!AJ37 -> 0 | AM11: ='Kafa Sayımı Veri Girişi'!AM37 -> 0 | AN11: ='Kafa Sayımı Veri Girişi'!AN37 -> 0 | AO11: ='Kafa Sayımı Veri Girişi'!AO37 -> 0 | AP11: ='Kafa Sayımı Veri Girişi'!AP37 -> 0 | AQ11: ='Kafa Sayımı Veri Girişi'!AQ37 -> 0 | AT11: ='Kafa Sayımı Veri Girişi'!AT37 -> 0 | AU11: ='Kafa Sayımı Veri Girişi'!AU37 -> 0 | AV11: ='Kafa Sayımı Veri Girişi'!AV37 -> 0 | AW11: ='Kafa Sayımı Veri Girişi'!AW37 -> 0 | AX11: ='Kafa Sayımı Veri Girişi'!AX37 -> 0 | BA11: ='Kafa Sayımı Veri Girişi'!BA37 -> 0 | BB11: ='Kafa Sayımı Veri Girişi'!BB37 -> 0 | BC11: ='Kafa Sayımı Veri Girişi'!BC37 -> 0 | BD11: ='Kafa Sayımı Veri Girişi'!BD37 -> 0 | BE11: ='Kafa Sayımı Veri Girişi'!BE37 -> 0 | BH11: ='Kafa Sayımı Veri Girişi'!BH37 -> 0 | BI11: ='Kafa Sayımı Veri Girişi'!BI37 -> 0 | BJ11: ='Kafa Sayımı Veri Girişi'!BJ37 -> 0 | BK11: ='Kafa Sayımı Veri Girişi'!BK37 -> 0 | BL11: ='Kafa Sayımı Veri Girişi'!BL37 -> 0 | BO11: ='Kafa Sayımı Veri Girişi'!BO37 -> 0 | BP11: ='Kafa Sayımı Veri Girişi'!BP37 -> 0 | BQ11: ='Kafa Sayımı Veri Girişi'!BQ37 -> 0 | BR11: ='Kafa Sayımı Veri Girişi'!BR37 -> 0 | BS11: ='Kafa Sayımı Veri Girişi'!BS37 -> 0 | BV11: ='Kafa Sayımı Veri Girişi'!BV37 -> 0 | BW11: ='Kafa Sayımı Veri Girişi'!BW37 -> 0 | BX11: ='Kafa Sayımı Veri Girişi'!BX37 -> 0 | BY11: ='Kafa Sayımı Veri Girişi'!BY37 -> 0 | BZ11: ='Kafa Sayımı Veri Girişi'!BZ37 -> 0 | CC11: ='Kafa Sayımı Veri Girişi'!CC37 -> 0 | CD11: ='Kafa Sayımı Veri Girişi'!CD37 -> 0 | CE11: ='Kafa Sayımı Veri Girişi'!CE37 -> 0 | CF11: ='Kafa Sayımı Veri Girişi'!CF37 -> 0 | CG11: ='Kafa Sayımı Veri Girişi'!CG37 -> 0 | CJ11: ='Kafa Sayımı Veri Girişi'!CJ37 -> 0 | CK11: ='Kafa Sayımı Veri Girişi'!CK37 -> 0 | CL11: ='Kafa Sayımı Veri Girişi'!CL37 -> 0 | CM11: ='Kafa Sayımı Veri Girişi'!CM37 -> 0 | CN11: ='Kafa Sayımı Veri Girişi'!CN37 -> 0 | CQ11: ='Kafa Sayımı Veri Girişi'!CQ37 -> 0 | CR11: ='Kafa Sayımı Veri Girişi'!CR37 -> 0 | CS11: ='Kafa Sayımı Veri Girişi'!CS37 -> 0 | CT11: ='Kafa Sayımı Veri Girişi'!CT37 -> 0 | CU11: ='Kafa Sayımı Veri Girişi'!CU37 -> 0 | CX11: ='Kafa Sayımı Veri Girişi'!CX37 -> 0 | CY11: ='Kafa Sayımı Veri Girişi'!CY37 -> 0 | CZ11: ='Kafa Sayımı Veri Girişi'!CZ37 -> 0 | DA11: ='Kafa Sayımı Veri Girişi'!DA37 -> 0 | DB11: ='Kafa Sayımı Veri Girişi'!DB37 -> 0 | DE11: ='Kafa Sayımı Veri Girişi'!DE37 -> 0 | DF11: ='Kafa Sayımı Veri Girişi'!DF37 -> 0 | DG11: ='Kafa Sayımı Veri Girişi'!DG37 -> 0 | DH11: ='Kafa Sayımı Veri Girişi'!DH37 -> 0 | DI11: ='Kafa Sayımı Veri Girişi'!DI37 -> 0 | DL11: ='Kafa Sayımı Veri Girişi'!DL37 -> 0 | DM11: ='Kafa Sayımı Veri Girişi'!DM37 -> 0 | DN11: ='Kafa Sayımı Veri Girişi'!DN37 -> 0 | DO11: ='Kafa Sayımı Veri Girişi'!DO37 -> 0 | DP11: ='Kafa Sayımı Veri Girişi'!DP37 -> 0 | DS11: ='Kafa Sayımı Veri Girişi'!DS37 -> 0 | DT11: ='Kafa Sayımı Veri Girişi'!DT37 -> 0 | DU11: ='Kafa Sayımı Veri Girişi'!DU37 -> 0 | DV11: ='Kafa Sayımı Veri Girişi'!DV37 -> 0 | DW11: ='Kafa Sayımı Veri Girişi'!DW37 -> 0 | DZ11: ='Kafa Sayımı Veri Girişi'!DZ37 -> 0 | EA11: ='Kafa Sayımı Veri Girişi'!EA37 -> 0 | EB11: ='Kafa Sayımı Veri Girişi'!EB37 -> 0 | EC11: ='Kafa Sayımı Veri Girişi'!EC37 -> 0 | ED11: ='Kafa Sayımı Veri Girişi'!ED37 -> 0 | EG11: ='Kafa Sayımı Veri Girişi'!EG37 -> 0 | EH11: ='Kafa Sayımı Veri Girişi'!EH37 -> 0 | EI11: ='Kafa Sayımı Veri Girişi'!EI37 -> 0 | EJ11: ='Kafa Sayımı Veri Girişi'!EJ37 -> 0 | EK11: ='Kafa Sayımı Veri Girişi'!EK37 -> 0 | EN11: ='Kafa Sayımı Veri Girişi'!EN37 -> 0 | EO11: ='Kafa Sayımı Veri Girişi'!EO37 -> 0 | EP11: ='Kafa Sayımı Veri Girişi'!EP37 -> 0 | EQ11: ='Kafa Sayımı Veri Girişi'!EQ37 -> 0 | ER11: ='Kafa Sayımı Veri Girişi'!ER37 -> 0 | EU11: ='Kafa Sayımı Veri Girişi'!EU37 -> 0 | EV11: ='Kafa Sayımı Veri Girişi'!EV37 -> 0 | EW11: ='Kafa Sayımı Veri Girişi'!EW37 -> 0 | EX11: ='Kafa Sayımı Veri Girişi'!EX37 -> 0 | EY11: ='Kafa Sayımı Veri Girişi'!EY37 -> 0 | FB11: ='Kafa Sayımı Veri Girişi'!FB37 -> 0 | FC11: ='Kafa Sayımı Veri Girişi'!FC37 -> 0 | FD11: ='Kafa Sayımı Veri Girişi'!FD37 -> 0 | FE11: ='Kafa Sayımı Veri Girişi'!FE37 -> 0 | FF11: ='Kafa Sayımı Veri Girişi'!FF37 -> 0 | FI11: ='Kafa Sayımı Veri Girişi'!FI37 -> 0 | FJ11: ='Kafa Sayımı Veri Girişi'!FJ37 -> 0 | FK11: ='Kafa Sayımı Veri Girişi'!FK37 -> 0 | FL11: ='Kafa Sayımı Veri Girişi'!FL37 -> 0 | FM11: ='Kafa Sayımı Veri Girişi'!FM37 -> 0 | FP11: ='Kafa Sayımı Veri Girişi'!FP37 -> 0 | FQ11: ='Kafa Sayımı Veri Girişi'!FQ37 -> 0 | FR11: ='Kafa Sayımı Veri Girişi'!FR37 -> 0 | FS11: ='Kafa Sayımı Veri Girişi'!FS37 -> 0 | FT11: ='Kafa Sayımı Veri Girişi'!FT37 -> 0 | FW11: ='Kafa Sayımı Veri Girişi'!FW37 -> 0 | FX11: ='Kafa Sayımı Veri Girişi'!FX37 -> 0 | FY11: ='Kafa Sayımı Veri Girişi'!FY37 -> 0 | FZ11: ='Kafa Sayımı Veri Girişi'!FZ37 -> 0 | GA11: ='Kafa Sayımı Veri Girişi'!GA37 -> 0 | GD11: ='Kafa Sayımı Veri Girişi'!GD37 -> 0 | GE11: ='Kafa Sayımı Veri Girişi'!GE37 -> 0 | GF11: ='Kafa Sayımı Veri Girişi'!GF37 -> 0 | GG11: ='Kafa Sayımı Veri Girişi'!GG37 -> 0 | GH11: ='Kafa Sayımı Veri Girişi'!GH37 -> 0 | GK11: ='Kafa Sayımı Veri Girişi'!GK37 -> 0 | GL11: ='Kafa Sayımı Veri Girişi'!GL37 -> 0 | GM11: ='Kafa Sayımı Veri Girişi'!GM37 -> 0 | GN11: ='Kafa Sayımı Veri Girişi'!GN37 -> 0 | GO11: ='Kafa Sayımı Veri Girişi'!GO37 -> 0 | GR11: ='Kafa Sayımı Veri Girişi'!GR37 -> 0 | GS11: ='Kafa Sayımı Veri Girişi'!GS37 -> 0 | GT11: ='Kafa Sayımı Veri Girişi'!GT37 -> 0 | GU11: ='Kafa Sayımı Veri Girişi'!GU37 -> 0 | GV11: ='Kafa Sayımı Veri Girişi'!GV37 -> 0 | GY11: ='Kafa Sayımı Veri Girişi'!CJ37 -> 0 | GZ11: ='Kafa Sayımı Veri Girişi'!CK37 -> 0 | HA11: ='Kafa Sayımı Veri Girişi'!CL37 -> 0 | HB11: ='Kafa Sayımı Veri Girişi'!CM37 -> 0 | HC11: ='Kafa Sayımı Veri Girişi'!CN37 -> 0 | HF11: ='Kafa Sayımı Veri Girişi'!CQ37 -> 0 | HG11: ='Kafa Sayımı Veri Girişi'!CR37 -> 0 | HH11: ='Kafa Sayımı Veri Girişi'!CS37 -> 0 | HI11: ='Kafa Sayımı Veri Girişi'!CT37 -> 0 | HJ11: ='Kafa Sayımı Veri Girişi'!CU37 -> 0 | HM11: ='Kafa Sayımı Veri Girişi'!CX37 -> 0 | HN11: ='Kafa Sayımı Veri Girişi'!CY37 -> 0 | HO11: ='Kafa Sayımı Veri Girişi'!CZ37 -> 0 | HP11: ='Kafa Sayımı Veri Girişi'!DA37 -> 0 | HQ11: ='Kafa Sayımı Veri Girişi'!DB37 -> 0 | HT11: ='Kafa Sayımı Veri Girişi'!DE37 -> 0 | HU11: ='Kafa Sayımı Veri Girişi'!DF37 -> 0 | HV11: ='Kafa Sayımı Veri Girişi'!DG37 -> 0 | HW11: ='Kafa Sayımı Veri Girişi'!DH37 -> 0 | HX11: ='Kafa Sayımı Veri Girişi'!DI37 -> 0 | IA11: ='Kafa Sayımı Veri Girişi'!DL37 -> 0 | IB11: ='Kafa Sayımı Veri Girişi'!DM37 -> 0 | IC11: ='Kafa Sayımı Veri Girişi'!DN37 -> 0 | ID11: ='Kafa Sayımı Veri Girişi'!DO37 -> 0 | IE11: ='Kafa Sayımı Veri Girişi'!DP37 -> 0 | IH11: ='Kafa Sayımı Veri Girişi'!DS37 -> 0 | II11: ='Kafa Sayımı Veri Girişi'!DT37 -> 0 | IJ11: ='Kafa Sayımı Veri Girişi'!DU37 -> 0 | IK11: ='Kafa Sayımı Veri Girişi'!DV37 -> 0 | IL11: ='Kafa Sayımı Veri Girişi'!DW37 -> 0 | IO11: ='Kafa Sayımı Veri Girişi'!DZ37 -> 0 | IP11: ='Kafa Sayımı Veri Girişi'!EA37 -> 0 | IQ11: ='Kafa Sayımı Veri Girişi'!EB37 -> 0 | IR11: ='Kafa Sayımı Veri Girişi'!EC37 -> 0 | IS11: ='Kafa Sayımı Veri Girişi'!ED37 -> 0 | IV11: ='Kafa Sayımı Veri Girişi'!EG37 -> 0 | IW11: ='Kafa Sayımı Veri Girişi'!EH37 -> 0 | IX11: ='Kafa Sayımı Veri Girişi'!EI37 -> 0 | IY11: ='Kafa Sayımı Veri Girişi'!EJ37 -> 0 | IZ11: ='Kafa Sayımı Veri Girişi'!EK37 -> 0 | JC11: ='Kafa Sayımı Veri Girişi'!EN37 -> 0 | JD11: ='Kafa Sayımı Veri Girişi'!EO37 -> 0 | JE11: ='Kafa Sayımı Veri Girişi'!EP37 -> 0 | JF11: ='Kafa Sayımı Veri Girişi'!EQ37 -> 0 | JG11: ='Kafa Sayımı Veri Girişi'!ER37 -> 0 | JJ11: ='Kafa Sayımı Veri Girişi'!EU37 -> 0 | JK11: ='Kafa Sayımı Veri Girişi'!EV37 -> 0 | JL11: ='Kafa Sayımı Veri Girişi'!EW37 -> 0 | JM11: ='Kafa Sayımı Veri Girişi'!EX37 -> 0 | JN11: ='Kafa Sayımı Veri Girişi'!EY37 -> 0 | JQ11: ='Kafa Sayımı Veri Girişi'!FB37 -> 0 | JR11: ='Kafa Sayımı Veri Girişi'!FC37 -> 0 | JS11: ='Kafa Sayımı Veri Girişi'!FD37 -> 0 | JT11: ='Kafa Sayımı Veri Girişi'!FE37 -> 0 | JU11: ='Kafa Sayımı Veri Girişi'!FF37 -> 0 | JX11: ='Kafa Sayımı Veri Girişi'!FI37 -> 0 | JY11: ='Kafa Sayımı Veri Girişi'!FJ37 -> 0 | JZ11: ='Kafa Sayımı Veri Girişi'!FK37 -> 0 | KA11: ='Kafa Sayımı Veri Girişi'!FL37 -> 0 | KB11: ='Kafa Sayımı Veri Girişi'!FM37 -> 0 | KE11: ='Kafa Sayımı Veri Girişi'!FP37 -> 0 | KF11: ='Kafa Sayımı Veri Girişi'!FQ37 -> 0 | KG11: ='Kafa Sayımı Veri Girişi'!FR37 -> 0 | KH11: ='Kafa Sayımı Veri Girişi'!FS37 -> 0 | KI11: ='Kafa Sayımı Veri Girişi'!FT37 -> 0 | KL11: ='Kafa Sayımı Veri Girişi'!FW37 -> 0 | KM11: ='Kafa Sayımı Veri Girişi'!FX37 -> 0 | KN11: ='Kafa Sayımı Veri Girişi'!FY37 -> 0 | KO11: ='Kafa Sayımı Veri Girişi'!FZ37 -> 0 | KP11: ='Kafa Sayımı Veri Girişi'!GA37 -> 0 | KS11: ='Kafa Sayımı Veri Girişi'!GD37 -> 0 | KT11: ='Kafa Sayımı Veri Girişi'!GE37 -> 0 | KU11: ='Kafa Sayımı Veri Girişi'!GF37 -> 0 | KV11: ='Kafa Sayımı Veri Girişi'!GG37 -> 0 | KW11: ='Kafa Sayımı Veri Girişi'!GH37 -> 0 | KZ11: ='Kafa Sayımı Veri Girişi'!GK37 -> 0 | LA11: ='Kafa Sayımı Veri Girişi'!GL37 -> 0 | LB11: ='Kafa Sayımı Veri Girişi'!GM37 -> 0 | LC11: ='Kafa Sayımı Veri Girişi'!GN37 -> 0 | LD11: ='Kafa Sayımı Veri Girişi'!GO37 -> 0 | LG11: ='Kafa Sayımı Veri Girişi'!GR37 -> 0 | LH11: ='Kafa Sayımı Veri Girişi'!GS37 -> 0 | LI11: ='Kafa Sayımı Veri Girişi'!GT37 -> 0 | LJ11: ='Kafa Sayımı Veri Girişi'!GU37 -> 0 | LK11: ='Kafa Sayımı Veri Girişi'!GV37 -> 0 | LN11: ='Kafa Sayımı Veri Girişi'!GY37 -> 0 | LO11: ='Kafa Sayımı Veri Girişi'!GZ37 -> 0 | LP11: ='Kafa Sayımı Veri Girişi'!HA37 -> 0 | LQ11: ='Kafa Sayımı Veri Girişi'!HB37 -> 0 | LR11: ='Kafa Sayımı Veri Girişi'!HC37 -> 0 | LU11: ='Kafa Sayımı Veri Girişi'!HF37 -> 0 | LV11: ='Kafa Sayımı Veri Girişi'!HG37 -> 0 | LW11: ='Kafa Sayımı Veri Girişi'!HH37 -> 0 | LX11: ='Kafa Sayımı Veri Girişi'!HI37 -> 0 | LY11: ='Kafa Sayımı Veri Girişi'!HJ37 -> 0 | MB11: ='Kafa Sayımı Veri Girişi'!HM37 -> 0 | MC11: ='Kafa Sayımı Veri Girişi'!HN37 -> 0 | MD11: ='Kafa Sayımı Veri Girişi'!HO37 -> 0 | ME11: ='Kafa Sayımı Veri Girişi'!HP37 -> 0 | MF11: ='Kafa Sayımı Veri Girişi'!HQ37 -> 0 | MI11: ='Kafa Sayımı Veri Girişi'!HT37 -> 0 | MJ11: ='Kafa Sayımı Veri Girişi'!HU37 -> 0 | MK11: ='Kafa Sayımı Veri Girişi'!HV37 -> 0 | ML11: ='Kafa Sayımı Veri Girişi'!HW37 -> 0 | MM11: ='Kafa Sayımı Veri Girişi'!HX37 -> 0 | MP11: ='Kafa Sayımı Veri Girişi'!IA37 -> 0 | MQ11: ='Kafa Sayımı Veri Girişi'!IB37 -> 0 | MR11: ='Kafa Sayımı Veri Girişi'!IC37 -> 0 | MS11: ='Kafa Sayımı Veri Girişi'!ID37 -> 0 | MT11: ='Kafa Sayımı Veri Girişi'!IE37 -> 0 | MW11: ='Kafa Sayımı Veri Girişi'!IH37 -> 0 | MX11: ='Kafa Sayımı Veri Girişi'!II37 -> 0 | MY11: ='Kafa Sayımı Veri Girişi'!IJ37 -> 0 | MZ11: ='Kafa Sayımı Veri Girişi'!IK37 -> 0 | NA11: ='Kafa Sayımı Veri Girişi'!IL37 -> 0 | ND11: ='Kafa Sayımı Veri Girişi'!IO37 -> 0 | NE11: =SUM(D11:ND11) -> 0
C12: 0.45833333 | D12: ='Kafa Sayımı Veri Girişi'!D54 -> 0 | E12: ='Kafa Sayımı Veri Girişi'!E54 -> 0 | F12: ='Kafa Sayımı Veri Girişi'!F54 -> 0 | G12: ='Kafa Sayımı Veri Girişi'!G54 -> 0 | H12: ='Kafa Sayımı Veri Girişi'!H54 -> 0 | K12: ='Kafa Sayımı Veri Girişi'!K54 -> 0 | L12: ='Kafa Sayımı Veri Girişi'!L54 -> 0 | M12: ='Kafa Sayımı Veri Girişi'!M54 -> 0 | N12: ='Kafa Sayımı Veri Girişi'!N54 -> 0 | O12: ='Kafa Sayımı Veri Girişi'!O54 -> 0 | R12: ='Kafa Sayımı Veri Girişi'!R54 -> 0 | S12: ='Kafa Sayımı Veri Girişi'!S54 -> 0 | T12: ='Kafa Sayımı Veri Girişi'!T54 -> 0 | U12: ='Kafa Sayımı Veri Girişi'!U54 -> 0 | V12: ='Kafa Sayımı Veri Girişi'!V54 -> 0 | Y12: ='Kafa Sayımı Veri Girişi'!Y54 -> 0 | Z12: ='Kafa Sayımı Veri Girişi'!Z54 -> 0 | AA12: ='Kafa Sayımı Veri Girişi'!AA54 -> 0 | AB12: ='Kafa Sayımı Veri Girişi'!AB54 -> 0 | AC12: ='Kafa Sayımı Veri Girişi'!AC54 -> 0 | AF12: ='Kafa Sayımı Veri Girişi'!AF54 -> 0 | AG12: ='Kafa Sayımı Veri Girişi'!AG54 -> 0 | AH12: ='Kafa Sayımı Veri Girişi'!AH54 -> 0 | AI12: ='Kafa Sayımı Veri Girişi'!AI54 -> 0 | AJ12: ='Kafa Sayımı Veri Girişi'!AJ54 -> 0 | AM12: ='Kafa Sayımı Veri Girişi'!AM54 -> 0 | AN12: ='Kafa Sayımı Veri Girişi'!AN54 -> 0 | AO12: ='Kafa Sayımı Veri Girişi'!AO54 -> 0 | AP12: ='Kafa Sayımı Veri Girişi'!AP54 -> 0 | AQ12: ='Kafa Sayımı Veri Girişi'!AQ54 -> 0 | AT12: ='Kafa Sayımı Veri Girişi'!AT54 -> 0 | AU12: ='Kafa Sayımı Veri Girişi'!AU54 -> 0 | AV12: ='Kafa Sayımı Veri Girişi'!AV54 -> 0 | AW12: ='Kafa Sayımı Veri Girişi'!AW54 -> 0 | AX12: ='Kafa Sayımı Veri Girişi'!AX54 -> 0 | BA12: ='Kafa Sayımı Veri Girişi'!BA54 -> 0 | BB12: ='Kafa Sayımı Veri Girişi'!BB54 -> 0 | BC12: ='Kafa Sayımı Veri Girişi'!BC54 -> 0 | BD12: ='Kafa Sayımı Veri Girişi'!BD54 -> 0 | BE12: ='Kafa Sayımı Veri Girişi'!BE54 -> 0 | BH12: ='Kafa Sayımı Veri Girişi'!BH54 -> 0 | BI12: ='Kafa Sayımı Veri Girişi'!BI54 -> 0 | BJ12: ='Kafa Sayımı Veri Girişi'!BJ54 -> 0 | BK12: ='Kafa Sayımı Veri Girişi'!BK54 -> 0 | BL12: ='Kafa Sayımı Veri Girişi'!BL54 -> 0 | BO12: ='Kafa Sayımı Veri Girişi'!BO54 -> 0 | BP12: ='Kafa Sayımı Veri Girişi'!BP54 -> 0 | BQ12: ='Kafa Sayımı Veri Girişi'!BQ54 -> 0 | BR12: ='Kafa Sayımı Veri Girişi'!BR54 -> 0 | BS12: ='Kafa Sayımı Veri Girişi'!BS54 -> 0 | BV12: ='Kafa Sayımı Veri Girişi'!BV54 -> 0 | BW12: ='Kafa Sayımı Veri Girişi'!BW54 -> 0 | BX12: ='Kafa Sayımı Veri Girişi'!BX54 -> 0 | BY12: ='Kafa Sayımı Veri Girişi'!BY54 -> 0 | BZ12: ='Kafa Sayımı Veri Girişi'!BZ54 -> 0 | CC12: ='Kafa Sayımı Veri Girişi'!CC54 -> 0 | CD12: ='Kafa Sayımı Veri Girişi'!CD54 -> 0 | CE12: ='Kafa Sayımı Veri Girişi'!CE54 -> 0 | CF12: ='Kafa Sayımı Veri Girişi'!CF54 -> 0 | CG12: ='Kafa Sayımı Veri Girişi'!CG54 -> 0 | CJ12: ='Kafa Sayımı Veri Girişi'!CJ54 -> 0 | CK12: ='Kafa Sayımı Veri Girişi'!CK54 -> 0 | CL12: ='Kafa Sayımı Veri Girişi'!CL54 -> 0 | CM12: ='Kafa Sayımı Veri Girişi'!CM54 -> 0 | CN12: ='Kafa Sayımı Veri Girişi'!CN54 -> 0 | CQ12: ='Kafa Sayımı Veri Girişi'!CQ54 -> 0 | CR12: ='Kafa Sayımı Veri Girişi'!CR54 -> 0 | CS12: ='Kafa Sayımı Veri Girişi'!CS54 -> 0 | CT12: ='Kafa Sayımı Veri Girişi'!CT54 -> 0 | CU12: ='Kafa Sayımı Veri Girişi'!CU54 -> 0 | CX12: ='Kafa Sayımı Veri Girişi'!CX54 -> 0 | CY12: ='Kafa Sayımı Veri Girişi'!CY54 -> 0 | CZ12: ='Kafa Sayımı Veri Girişi'!CZ54 -> 0 | DA12: ='Kafa Sayımı Veri Girişi'!DA54 -> 0 | DB12: ='Kafa Sayımı Veri Girişi'!DB54 -> 0 | DE12: ='Kafa Sayımı Veri Girişi'!DE54 -> 0 | DF12: ='Kafa Sayımı Veri Girişi'!DF54 -> 0 | DG12: ='Kafa Sayımı Veri Girişi'!DG54 -> 0 | DH12: ='Kafa Sayımı Veri Girişi'!DH54 -> 0 | DI12: ='Kafa Sayımı Veri Girişi'!DI54 -> 0 | DL12: ='Kafa Sayımı Veri Girişi'!DL54 -> 0 | DM12: ='Kafa Sayımı Veri Girişi'!DM54 -> 0 | DN12: ='Kafa Sayımı Veri Girişi'!DN54 -> 0 | DO12: ='Kafa Sayımı Veri Girişi'!DO54 -> 0 | DP12: ='Kafa Sayımı Veri Girişi'!DP54 -> 0 | DS12: ='Kafa Sayımı Veri Girişi'!DS54 -> 0 | DT12: ='Kafa Sayımı Veri Girişi'!DT54 -> 0 | DU12: ='Kafa Sayımı Veri Girişi'!DU54 -> 0 | DV12: ='Kafa Sayımı Veri Girişi'!DV54 -> 0 | DW12: ='Kafa Sayımı Veri Girişi'!DW54 -> 0 | DZ12: ='Kafa Sayımı Veri Girişi'!DZ54 -> 0 | EA12: ='Kafa Sayımı Veri Girişi'!EA54 -> 0 | EB12: ='Kafa Sayımı Veri Girişi'!EB54 -> 0 | EC12: ='Kafa Sayımı Veri Girişi'!EC54 -> 0 | ED12: ='Kafa Sayımı Veri Girişi'!ED54 -> 0 | EG12: ='Kafa Sayımı Veri Girişi'!EG54 -> 0 | EH12: ='Kafa Sayımı Veri Girişi'!EH54 -> 0 | EI12: ='Kafa Sayımı Veri Girişi'!EI54 -> 0 | EJ12: ='Kafa Sayımı Veri Girişi'!EJ54 -> 0 | EK12: ='Kafa Sayımı Veri Girişi'!EK54 -> 0 | EN12: ='Kafa Sayımı Veri Girişi'!EN54 -> 0 | EO12: ='Kafa Sayımı Veri Girişi'!EO54 -> 0 | EP12: ='Kafa Sayımı Veri Girişi'!EP54 -> 0 | EQ12: ='Kafa Sayımı Veri Girişi'!EQ54 -> 0 | ER12: ='Kafa Sayımı Veri Girişi'!ER54 -> 0 | EU12: ='Kafa Sayımı Veri Girişi'!EU54 -> 0 | EV12: ='Kafa Sayımı Veri Girişi'!EV54 -> 0 | EW12: ='Kafa Sayımı Veri Girişi'!EW54 -> 0 | EX12: ='Kafa Sayımı Veri Girişi'!EX54 -> 0 | EY12: ='Kafa Sayımı Veri Girişi'!EY54 -> 0 | FB12: ='Kafa Sayımı Veri Girişi'!FB54 -> 0 | FC12: ='Kafa Sayımı Veri Girişi'!FC54 -> 0 | FD12: ='Kafa Sayımı Veri Girişi'!FD54 -> 0 | FE12: ='Kafa Sayımı Veri Girişi'!FE54 -> 0 | FF12: ='Kafa Sayımı Veri Girişi'!FF54 -> 0 | FI12: ='Kafa Sayımı Veri Girişi'!FI54 -> 0 | FJ12: ='Kafa Sayımı Veri Girişi'!FJ54 -> 0 | FK12: ='Kafa Sayımı Veri Girişi'!FK54 -> 0 | FL12: ='Kafa Sayımı Veri Girişi'!FL54 -> 0 | FM12: ='Kafa Sayımı Veri Girişi'!FM54 -> 0 | FP12: ='Kafa Sayımı Veri Girişi'!FP54 -> 0 | FQ12: ='Kafa Sayımı Veri Girişi'!FQ54 -> 0 | FR12: ='Kafa Sayımı Veri Girişi'!FR54 -> 0 | FS12: ='Kafa Sayımı Veri Girişi'!FS54 -> 0 | FT12: ='Kafa Sayımı Veri Girişi'!FT54 -> 0 | FW12: ='Kafa Sayımı Veri Girişi'!FW54 -> 0 | FX12: ='Kafa Sayımı Veri Girişi'!FX54 -> 0 | FY12: ='Kafa Sayımı Veri Girişi'!FY54 -> 0 | FZ12: ='Kafa Sayımı Veri Girişi'!FZ54 -> 0 | GA12: ='Kafa Sayımı Veri Girişi'!GA54 -> 0 | GD12: ='Kafa Sayımı Veri Girişi'!GD54 -> 0 | GE12: ='Kafa Sayımı Veri Girişi'!GE54 -> 0 | GF12: ='Kafa Sayımı Veri Girişi'!GF54 -> 0 | GG12: ='Kafa Sayımı Veri Girişi'!GG54 -> 0 | GH12: ='Kafa Sayımı Veri Girişi'!GH54 -> 0 | GK12: ='Kafa Sayımı Veri Girişi'!GK54 -> 0 | GL12: ='Kafa Sayımı Veri Girişi'!GL54 -> 0 | GM12: ='Kafa Sayımı Veri Girişi'!GM54 -> 0 | GN12: ='Kafa Sayımı Veri Girişi'!GN54 -> 0 | GO12: ='Kafa Sayımı Veri Girişi'!GO54 -> 0 | GR12: ='Kafa Sayımı Veri Girişi'!GR54 -> 0 | GS12: ='Kafa Sayımı Veri Girişi'!GS54 -> 0 | GT12: ='Kafa Sayımı Veri Girişi'!GT54 -> 0 | GU12: ='Kafa Sayımı Veri Girişi'!GU54 -> 0 | GV12: ='Kafa Sayımı Veri Girişi'!GV54 -> 0 | GY12: ='Kafa Sayımı Veri Girişi'!CJ54 -> 0 | GZ12: ='Kafa Sayımı Veri Girişi'!CK54 -> 0 | HA12: ='Kafa Sayımı Veri Girişi'!CL54 -> 0 | HB12: ='Kafa Sayımı Veri Girişi'!CM54 -> 0 | HC12: ='Kafa Sayımı Veri Girişi'!CN54 -> 0 | HF12: ='Kafa Sayımı Veri Girişi'!CQ54 -> 0 | HG12: ='Kafa Sayımı Veri Girişi'!CR54 -> 0 | HH12: ='Kafa Sayımı Veri Girişi'!CS54 -> 0 | HI12: ='Kafa Sayımı Veri Girişi'!CT54 -> 0 | HJ12: ='Kafa Sayımı Veri Girişi'!CU54 -> 0 | HM12: ='Kafa Sayımı Veri Girişi'!CX54 -> 0 | HN12: ='Kafa Sayımı Veri Girişi'!CY54 -> 0 | HO12: ='Kafa Sayımı Veri Girişi'!CZ54 -> 0 | HP12: ='Kafa Sayımı Veri Girişi'!DA54 -> 0 | HQ12: ='Kafa Sayımı Veri Girişi'!DB54 -> 0 | HT12: ='Kafa Sayımı Veri Girişi'!DE54 -> 0 | HU12: ='Kafa Sayımı Veri Girişi'!DF54 -> 0 | HV12: ='Kafa Sayımı Veri Girişi'!DG54 -> 0 | HW12: ='Kafa Sayımı Veri Girişi'!DH54 -> 0 | HX12: ='Kafa Sayımı Veri Girişi'!DI54 -> 0 | IA12: ='Kafa Sayımı Veri Girişi'!DL54 -> 0 | IB12: ='Kafa Sayımı Veri Girişi'!DM54 -> 0 | IC12: ='Kafa Sayımı Veri Girişi'!DN54 -> 0 | ID12: ='Kafa Sayımı Veri Girişi'!DO54 -> 0 | IE12: ='Kafa Sayımı Veri Girişi'!DP54 -> 0 | IH12: ='Kafa Sayımı Veri Girişi'!DS54 -> 0 | II12: ='Kafa Sayımı Veri Girişi'!DT54 -> 0 | IJ12: ='Kafa Sayımı Veri Girişi'!DU54 -> 0 | IK12: ='Kafa Sayımı Veri Girişi'!DV54 -> 0 | IL12: ='Kafa Sayımı Veri Girişi'!DW54 -> 0 | IO12: ='Kafa Sayımı Veri Girişi'!DZ54 -> 0 | IP12: ='Kafa Sayımı Veri Girişi'!EA54 -> 0 | IQ12: ='Kafa Sayımı Veri Girişi'!EB54 -> 0 | IR12: ='Kafa Sayımı Veri Girişi'!EC54 -> 0 | IS12: ='Kafa Sayımı Veri Girişi'!ED54 -> 0 | IV12: ='Kafa Sayımı Veri Girişi'!EG54 -> 0 | IW12: ='Kafa Sayımı Veri Girişi'!EH54 -> 0 | IX12: ='Kafa Sayımı Veri Girişi'!EI54 -> 0 | IY12: ='Kafa Sayımı Veri Girişi'!EJ54 -> 0 | IZ12: ='Kafa Sayımı Veri Girişi'!EK54 -> 0 | JC12: ='Kafa Sayımı Veri Girişi'!EN54 -> 0 | JD12: ='Kafa Sayımı Veri Girişi'!EO54 -> 0 | JE12: ='Kafa Sayımı Veri Girişi'!EP54 -> 0 | JF12: ='Kafa Sayımı Veri Girişi'!EQ54 -> 0 | JG12: ='Kafa Sayımı Veri Girişi'!ER54 -> 0 | JJ12: ='Kafa Sayımı Veri Girişi'!EU54 -> 0 | JK12: ='Kafa Sayımı Veri Girişi'!EV54 -> 0 | JL12: ='Kafa Sayımı Veri Girişi'!EW54 -> 0 | JM12: ='Kafa Sayımı Veri Girişi'!EX54 -> 0 | JN12: ='Kafa Sayımı Veri Girişi'!EY54 -> 0 | JQ12: ='Kafa Sayımı Veri Girişi'!FB54 -> 0 | JR12: ='Kafa Sayımı Veri Girişi'!FC54 -> 0 | JS12: ='Kafa Sayımı Veri Girişi'!FD54 -> 0 | JT12: ='Kafa Sayımı Veri Girişi'!FE54 -> 0 | JU12: ='Kafa Sayımı Veri Girişi'!FF54 -> 0 | JX12: ='Kafa Sayımı Veri Girişi'!FI54 -> 0 | JY12: ='Kafa Sayımı Veri Girişi'!FJ54 -> 0 | JZ12: ='Kafa Sayımı Veri Girişi'!FK54 -> 0 | KA12: ='Kafa Sayımı Veri Girişi'!FL54 -> 0 | KB12: ='Kafa Sayımı Veri Girişi'!FM54 -> 0 | KE12: ='Kafa Sayımı Veri Girişi'!FP54 -> 0 | KF12: ='Kafa Sayımı Veri Girişi'!FQ54 -> 0 | KG12: ='Kafa Sayımı Veri Girişi'!FR54 -> 0 | KH12: ='Kafa Sayımı Veri Girişi'!FS54 -> 0 | KI12: ='Kafa Sayımı Veri Girişi'!FT54 -> 0 | KL12: ='Kafa Sayımı Veri Girişi'!FW54 -> 0 | KM12: ='Kafa Sayımı Veri Girişi'!FX54 -> 0 | KN12: ='Kafa Sayımı Veri Girişi'!FY54 -> 0 | KO12: ='Kafa Sayımı Veri Girişi'!FZ54 -> 0 | KP12: ='Kafa Sayımı Veri Girişi'!GA54 -> 0 | KS12: ='Kafa Sayımı Veri Girişi'!GD54 -> 0 | KT12: ='Kafa Sayımı Veri Girişi'!GE54 -> 0 | KU12: ='Kafa Sayımı Veri Girişi'!GF54 -> 0 | KV12: ='Kafa Sayımı Veri Girişi'!GG54 -> 0 | KW12: ='Kafa Sayımı Veri Girişi'!GH54 -> 0 | KZ12: ='Kafa Sayımı Veri Girişi'!GK54 -> 0 | LA12: ='Kafa Sayımı Veri Girişi'!GL54 -> 0 | LB12: ='Kafa Sayımı Veri Girişi'!GM54 -> 0 | LC12: ='Kafa Sayımı Veri Girişi'!GN54 -> 0 | LD12: ='Kafa Sayımı Veri Girişi'!GO54 -> 0 | LG12: ='Kafa Sayımı Veri Girişi'!GR54 -> 0 | LH12: ='Kafa Sayımı Veri Girişi'!GS54 -> 0 | LI12: ='Kafa Sayımı Veri Girişi'!GT54 -> 0 | LJ12: ='Kafa Sayımı Veri Girişi'!GU54 -> 0 | LK12: ='Kafa Sayımı Veri Girişi'!GV54 -> 0 | LN12: ='Kafa Sayımı Veri Girişi'!GY54 -> 0 | LO12: ='Kafa Sayımı Veri Girişi'!GZ54 -> 0 | LP12: ='Kafa Sayımı Veri Girişi'!HA54 -> 0 | LQ12: ='Kafa Sayımı Veri Girişi'!HB54 -> 0 | LR12: ='Kafa Sayımı Veri Girişi'!HC54 -> 0 | LU12: ='Kafa Sayımı Veri Girişi'!HF54 -> 0 | LV12: ='Kafa Sayımı Veri Girişi'!HG54 -> 0 | LW12: ='Kafa Sayımı Veri Girişi'!HH54 -> 0 | LX12: ='Kafa Sayımı Veri Girişi'!HI54 -> 0 | LY12: ='Kafa Sayımı Veri Girişi'!HJ54 -> 0 | MB12: ='Kafa Sayımı Veri Girişi'!HM54 -> 0 | MC12: ='Kafa Sayımı Veri Girişi'!HN54 -> 0 | MD12: ='Kafa Sayımı Veri Girişi'!HO54 -> 0 | ME12: ='Kafa Sayımı Veri Girişi'!HP54 -> 0 | MF12: ='Kafa Sayımı Veri Girişi'!HQ54 -> 0 | MI12: ='Kafa Sayımı Veri Girişi'!HT54 -> 0 | MJ12: ='Kafa Sayımı Veri Girişi'!HU54 -> 0 | MK12: ='Kafa Sayımı Veri Girişi'!HV54 -> 0 | ML12: ='Kafa Sayımı Veri Girişi'!HW54 -> 0 | MM12: ='Kafa Sayımı Veri Girişi'!HX54 -> 0 | MP12: ='Kafa Sayımı Veri Girişi'!IA54 -> 0 | MQ12: ='Kafa Sayımı Veri Girişi'!IB54 -> 0 | MR12: ='Kafa Sayımı Veri Girişi'!IC54 -> 0 | MS12: ='Kafa Sayımı Veri Girişi'!ID54 -> 0 | MT12: ='Kafa Sayımı Veri Girişi'!IE54 -> 0 | MW12: ='Kafa Sayımı Veri Girişi'!IH54 -> 0 | MX12: ='Kafa Sayımı Veri Girişi'!II54 -> 0 | MY12: ='Kafa Sayımı Veri Girişi'!IJ54 -> 0 | MZ12: ='Kafa Sayımı Veri Girişi'!IK54 -> 0 | NA12: ='Kafa Sayımı Veri Girişi'!IL54 -> 0 | ND12: ='Kafa Sayımı Veri Girişi'!IO54 -> 0 | NE12: =SUM(D12:ND12) -> 0
C13: 0.5 | D13: ='Kafa Sayımı Veri Girişi'!D71 -> 0 | E13: ='Kafa Sayımı Veri Girişi'!E71 -> 0 | F13: ='Kafa Sayımı Veri Girişi'!F71 -> 0 | G13: ='Kafa Sayımı Veri Girişi'!G71 -> 0 | H13: ='Kafa Sayımı Veri Girişi'!H71 -> 0 | K13: ='Kafa Sayımı Veri Girişi'!K71 -> 0 | L13: ='Kafa Sayımı Veri Girişi'!L71 -> 0 | M13: ='Kafa Sayımı Veri Girişi'!M71 -> 0 | N13: ='Kafa Sayımı Veri Girişi'!N71 -> 0 | O13: ='Kafa Sayımı Veri Girişi'!O71 -> 0 | R13: ='Kafa Sayımı Veri Girişi'!R71 -> 0 | S13: ='Kafa Sayımı Veri Girişi'!S71 -> 0 | T13: ='Kafa Sayımı Veri Girişi'!T71 -> 0 | U13: ='Kafa Sayımı Veri Girişi'!U71 -> 0 | V13: ='Kafa Sayımı Veri Girişi'!V71 -> 0 | Y13: ='Kafa Sayımı Veri Girişi'!Y71 -> 0 | Z13: ='Kafa Sayımı Veri Girişi'!Z71 -> 0 | AA13: ='Kafa Sayımı Veri Girişi'!AA71 -> 0 | AB13: ='Kafa Sayımı Veri Girişi'!AB71 -> 0 | AC13: ='Kafa Sayımı Veri Girişi'!AC71 -> 0 | AF13: ='Kafa Sayımı Veri Girişi'!AF71 -> 0 | AG13: ='Kafa Sayımı Veri Girişi'!AG71 -> 0 | AH13: ='Kafa Sayımı Veri Girişi'!AH71 -> 0 | AI13: ='Kafa Sayımı Veri Girişi'!AI71 -> 0 | AJ13: ='Kafa Sayımı Veri Girişi'!AJ71 -> 0 | AM13: ='Kafa Sayımı Veri Girişi'!AM71 -> 0 | AN13: ='Kafa Sayımı Veri Girişi'!AN71 -> 0 | AO13: ='Kafa Sayımı Veri Girişi'!AO71 -> 0 | AP13: ='Kafa Sayımı Veri Girişi'!AP71 -> 0 | AQ13: ='Kafa Sayımı Veri Girişi'!AQ71 -> 0 | AT13: ='Kafa Sayımı Veri Girişi'!AT71 -> 0 | AU13: ='Kafa Sayımı Veri Girişi'!AU71 -> 0 | AV13: ='Kafa Sayımı Veri Girişi'!AV71 -> 0 | AW13: ='Kafa Sayımı Veri Girişi'!AW71 -> 0 | AX13: ='Kafa Sayımı Veri Girişi'!AX71 -> 0 | BA13: ='Kafa Sayımı Veri Girişi'!BA71 -> 0 | BB13: ='Kafa Sayımı Veri Girişi'!BB71 -> 0 | BC13: ='Kafa Sayımı Veri Girişi'!BC71 -> 0 | BD13: ='Kafa Sayımı Veri Girişi'!BD71 -> 0 | BE13: ='Kafa Sayımı Veri Girişi'!BE71 -> 0 | BH13: ='Kafa Sayımı Veri Girişi'!BH71 -> 0 | BI13: ='Kafa Sayımı Veri Girişi'!BI71 -> 0 | BJ13: ='Kafa Sayımı Veri Girişi'!BJ71 -> 0 | BK13: ='Kafa Sayımı Veri Girişi'!BK71 -> 0 | BL13: ='Kafa Sayımı Veri Girişi'!BL71 -> 0 | BO13: ='Kafa Sayımı Veri Girişi'!BO71 -> 0 | BP13: ='Kafa Sayımı Veri Girişi'!BP71 -> 0 | BQ13: ='Kafa Sayımı Veri Girişi'!BQ71 -> 0 | BR13: ='Kafa Sayımı Veri Girişi'!BR71 -> 0 | BS13: ='Kafa Sayımı Veri Girişi'!BS71 -> 0 | BV13: ='Kafa Sayımı Veri Girişi'!BV71 -> 0 | BW13: ='Kafa Sayımı Veri Girişi'!BW71 -> 0 | BX13: ='Kafa Sayımı Veri Girişi'!BX71 -> 0 | BY13: ='Kafa Sayımı Veri Girişi'!BY71 -> 0 | BZ13: ='Kafa Sayımı Veri Girişi'!BZ71 -> 0 | CC13: ='Kafa Sayımı Veri Girişi'!CC71 -> 0 | CD13: ='Kafa Sayımı Veri Girişi'!CD71 -> 0 | CE13: ='Kafa Sayımı Veri Girişi'!CE71 -> 0 | CF13: ='Kafa Sayımı Veri Girişi'!CF71 -> 0 | CG13: ='Kafa Sayımı Veri Girişi'!CG71 -> 0 | CJ13: ='Kafa Sayımı Veri Girişi'!CJ71 -> 0 | CK13: ='Kafa Sayımı Veri Girişi'!CK71 -> 0 | CL13: ='Kafa Sayımı Veri Girişi'!CL71 -> 0 | CM13: ='Kafa Sayımı Veri Girişi'!CM71 -> 0 | CN13: ='Kafa Sayımı Veri Girişi'!CN71 -> 0 | CQ13: ='Kafa Sayımı Veri Girişi'!CQ71 -> 0 | CR13: ='Kafa Sayımı Veri Girişi'!CR71 -> 0 | CS13: ='Kafa Sayımı Veri Girişi'!CS71 -> 0 | CT13: ='Kafa Sayımı Veri Girişi'!CT71 -> 0 | CU13: ='Kafa Sayımı Veri Girişi'!CU71 -> 0 | CX13: ='Kafa Sayımı Veri Girişi'!CX71 -> 0 | CY13: ='Kafa Sayımı Veri Girişi'!CY71 -> 0 | CZ13: ='Kafa Sayımı Veri Girişi'!CZ71 -> 0 | DA13: ='Kafa Sayımı Veri Girişi'!DA71 -> 0 | DB13: ='Kafa Sayımı Veri Girişi'!DB71 -> 0 | DE13: ='Kafa Sayımı Veri Girişi'!DE71 -> 0 | DF13: ='Kafa Sayımı Veri Girişi'!DF71 -> 0 | DG13: ='Kafa Sayımı Veri Girişi'!DG71 -> 0 | DH13: ='Kafa Sayımı Veri Girişi'!DH71 -> 0 | DI13: ='Kafa Sayımı Veri Girişi'!DI71 -> 0 | DL13: ='Kafa Sayımı Veri Girişi'!DL71 -> 0 | DM13: ='Kafa Sayımı Veri Girişi'!DM71 -> 0 | DN13: ='Kafa Sayımı Veri Girişi'!DN71 -> 0 | DO13: ='Kafa Sayımı Veri Girişi'!DO71 -> 0 | DP13: ='Kafa Sayımı Veri Girişi'!DP71 -> 0 | DS13: ='Kafa Sayımı Veri Girişi'!DS71 -> 0 | DT13: ='Kafa Sayımı Veri Girişi'!DT71 -> 0 | DU13: ='Kafa Sayımı Veri Girişi'!DU71 -> 0 | DV13: ='Kafa Sayımı Veri Girişi'!DV71 -> 0 | DW13: ='Kafa Sayımı Veri Girişi'!DW71 -> 0 | DZ13: ='Kafa Sayımı Veri Girişi'!DZ71 -> 0 | EA13: ='Kafa Sayımı Veri Girişi'!EA71 -> 0 | EB13: ='Kafa Sayımı Veri Girişi'!EB71 -> 0 | EC13: ='Kafa Sayımı Veri Girişi'!EC71 -> 0 | ED13: ='Kafa Sayımı Veri Girişi'!ED71 -> 0 | EG13: ='Kafa Sayımı Veri Girişi'!EG71 -> 0 | EH13: ='Kafa Sayımı Veri Girişi'!EH71 -> 0 | EI13: ='Kafa Sayımı Veri Girişi'!EI71 -> 0 | EJ13: ='Kafa Sayımı Veri Girişi'!EJ71 -> 0 | EK13: ='Kafa Sayımı Veri Girişi'!EK71 -> 0 | EN13: ='Kafa Sayımı Veri Girişi'!EN71 -> 0 | EO13: ='Kafa Sayımı Veri Girişi'!EO71 -> 0 | EP13: ='Kafa Sayımı Veri Girişi'!EP71 -> 0 | EQ13: ='Kafa Sayımı Veri Girişi'!EQ71 -> 0 | ER13: ='Kafa Sayımı Veri Girişi'!ER71 -> 0 | EU13: ='Kafa Sayımı Veri Girişi'!EU71 -> 0 | EV13: ='Kafa Sayımı Veri Girişi'!EV71 -> 0 | EW13: ='Kafa Sayımı Veri Girişi'!EW71 -> 0 | EX13: ='Kafa Sayımı Veri Girişi'!EX71 -> 0 | EY13: ='Kafa Sayımı Veri Girişi'!EY71 -> 0 | FB13: ='Kafa Sayımı Veri Girişi'!FB71 -> 0 | FC13: ='Kafa Sayımı Veri Girişi'!FC71 -> 0 | FD13: ='Kafa Sayımı Veri Girişi'!FD71 -> 0 | FE13: ='Kafa Sayımı Veri Girişi'!FE71 -> 0 | FF13: ='Kafa Sayımı Veri Girişi'!FF71 -> 0 | FI13: ='Kafa Sayımı Veri Girişi'!FI71 -> 0 | FJ13: ='Kafa Sayımı Veri Girişi'!FJ71 -> 0 | FK13: ='Kafa Sayımı Veri Girişi'!FK71 -> 0 | FL13: ='Kafa Sayımı Veri Girişi'!FL71 -> 0 | FM13: ='Kafa Sayımı Veri Girişi'!FM71 -> 0 | FP13: ='Kafa Sayımı Veri Girişi'!FP71 -> 0 | FQ13: ='Kafa Sayımı Veri Girişi'!FQ71 -> 0 | FR13: ='Kafa Sayımı Veri Girişi'!FR71 -> 0 | FS13: ='Kafa Sayımı Veri Girişi'!FS71 -> 0 | FT13: ='Kafa Sayımı Veri Girişi'!FT71 -> 0 | FW13: ='Kafa Sayımı Veri Girişi'!FW71 -> 0 | FX13: ='Kafa Sayımı Veri Girişi'!FX71 -> 0 | FY13: ='Kafa Sayımı Veri Girişi'!FY71 -> 0 | FZ13: ='Kafa Sayımı Veri Girişi'!FZ71 -> 0 | GA13: ='Kafa Sayımı Veri Girişi'!GA71 -> 0 | GD13: ='Kafa Sayımı Veri Girişi'!GD71 -> 0 | GE13: ='Kafa Sayımı Veri Girişi'!GE71 -> 0 | GF13: ='Kafa Sayımı Veri Girişi'!GF71 -> 0 | GG13: ='Kafa Sayımı Veri Girişi'!GG71 -> 0 | GH13: ='Kafa Sayımı Veri Girişi'!GH71 -> 0 | GK13: ='Kafa Sayımı Veri Girişi'!GK71 -> 0 | GL13: ='Kafa Sayımı Veri Girişi'!GL71 -> 0 | GM13: ='Kafa Sayımı Veri Girişi'!GM71 -> 0 | GN13: ='Kafa Sayımı Veri Girişi'!GN71 -> 0 | GO13: ='Kafa Sayımı Veri Girişi'!GO71 -> 0 | GR13: ='Kafa Sayımı Veri Girişi'!GR71 -> 0 | GS13: ='Kafa Sayımı Veri Girişi'!GS71 -> 0 | GT13: ='Kafa Sayımı Veri Girişi'!GT71 -> 0 | GU13: ='Kafa Sayımı Veri Girişi'!GU71 -> 0 | GV13: ='Kafa Sayımı Veri Girişi'!GV71 -> 0 | GY13: ='Kafa Sayımı Veri Girişi'!CJ71 -> 0 | GZ13: ='Kafa Sayımı Veri Girişi'!CK71 -> 0 | HA13: ='Kafa Sayımı Veri Girişi'!CL71 -> 0 | HB13: ='Kafa Sayımı Veri Girişi'!CM71 -> 0 | HC13: ='Kafa Sayımı Veri Girişi'!CN71 -> 0 | HF13: ='Kafa Sayımı Veri Girişi'!CQ71 -> 0 | HG13: ='Kafa Sayımı Veri Girişi'!CR71 -> 0 | HH13: ='Kafa Sayımı Veri Girişi'!CS71 -> 0 | HI13: ='Kafa Sayımı Veri Girişi'!CT71 -> 0 | HJ13: ='Kafa Sayımı Veri Girişi'!CU71 -> 0 | HM13: ='Kafa Sayımı Veri Girişi'!CX71 -> 0 | HN13: ='Kafa Sayımı Veri Girişi'!CY71 -> 0 | HO13: ='Kafa Sayımı Veri Girişi'!CZ71 -> 0 | HP13: ='Kafa Sayımı Veri Girişi'!DA71 -> 0 | HQ13: ='Kafa Sayımı Veri Girişi'!DB71 -> 0 | HT13: ='Kafa Sayımı Veri Girişi'!DE71 -> 0 | HU13: ='Kafa Sayımı Veri Girişi'!DF71 -> 0 | HV13: ='Kafa Sayımı Veri Girişi'!DG71 -> 0 | HW13: ='Kafa Sayımı Veri Girişi'!DH71 -> 0 | HX13: ='Kafa Sayımı Veri Girişi'!DI71 -> 0 | IA13: ='Kafa Sayımı Veri Girişi'!DL71 -> 0 | IB13: ='Kafa Sayımı Veri Girişi'!DM71 -> 0 | IC13: ='Kafa Sayımı Veri Girişi'!DN71 -> 0 | ID13: ='Kafa Sayımı Veri Girişi'!DO71 -> 0 | IE13: ='Kafa Sayımı Veri Girişi'!DP71 -> 0 | IH13: ='Kafa Sayımı Veri Girişi'!DS71 -> 0 | II13: ='Kafa Sayımı Veri Girişi'!DT71 -> 0 | IJ13: ='Kafa Sayımı Veri Girişi'!DU71 -> 0 | IK13: ='Kafa Sayımı Veri Girişi'!DV71 -> 0 | IL13: ='Kafa Sayımı Veri Girişi'!DW71 -> 0 | IO13: ='Kafa Sayımı Veri Girişi'!DZ71 -> 0 | IP13: ='Kafa Sayımı Veri Girişi'!EA71 -> 0 | IQ13: ='Kafa Sayımı Veri Girişi'!EB71 -> 0 | IR13: ='Kafa Sayımı Veri Girişi'!EC71 -> 0 | IS13: ='Kafa Sayımı Veri Girişi'!ED71 -> 0 | IV13: ='Kafa Sayımı Veri Girişi'!EG71 -> 0 | IW13: ='Kafa Sayımı Veri Girişi'!EH71 -> 0 | IX13: ='Kafa Sayımı Veri Girişi'!EI71 -> 0 | IY13: ='Kafa Sayımı Veri Girişi'!EJ71 -> 0 | IZ13: ='Kafa Sayımı Veri Girişi'!EK71 -> 0 | JC13: ='Kafa Sayımı Veri Girişi'!EN71 -> 0 | JD13: ='Kafa Sayımı Veri Girişi'!EO71 -> 0 | JE13: ='Kafa Sayımı Veri Girişi'!EP71 -> 0 | JF13: ='Kafa Sayımı Veri Girişi'!EQ71 -> 0 | JG13: ='Kafa Sayımı Veri Girişi'!ER71 -> 0 | JJ13: ='Kafa Sayımı Veri Girişi'!EU71 -> 0 | JK13: ='Kafa Sayımı Veri Girişi'!EV71 -> 0 | JL13: ='Kafa Sayımı Veri Girişi'!EW71 -> 0 | JM13: ='Kafa Sayımı Veri Girişi'!EX71 -> 0 | JN13: ='Kafa Sayımı Veri Girişi'!EY71 -> 0 | JQ13: ='Kafa Sayımı Veri Girişi'!FB71 -> 0 | JR13: ='Kafa Sayımı Veri Girişi'!FC71 -> 0 | JS13: ='Kafa Sayımı Veri Girişi'!FD71 -> 0 | JT13: ='Kafa Sayımı Veri Girişi'!FE71 -> 0 | JU13: ='Kafa Sayımı Veri Girişi'!FF71 -> 0 | JX13: ='Kafa Sayımı Veri Girişi'!FI71 -> 0 | JY13: ='Kafa Sayımı Veri Girişi'!FJ71 -> 0 | JZ13: ='Kafa Sayımı Veri Girişi'!FK71 -> 0 | KA13: ='Kafa Sayımı Veri Girişi'!FL71 -> 0 | KB13: ='Kafa Sayımı Veri Girişi'!FM71 -> 0 | KE13: ='Kafa Sayımı Veri Girişi'!FP71 -> 0 | KF13: ='Kafa Sayımı Veri Girişi'!FQ71 -> 0 | KG13: ='Kafa Sayımı Veri Girişi'!FR71 -> 0 | KH13: ='Kafa Sayımı Veri Girişi'!FS71 -> 0 | KI13: ='Kafa Sayımı Veri Girişi'!FT71 -> 0 | KL13: ='Kafa Sayımı Veri Girişi'!FW71 -> 0 | KM13: ='Kafa Sayımı Veri Girişi'!FX71 -> 0 | KN13: ='Kafa Sayımı Veri Girişi'!FY71 -> 0 | KO13: ='Kafa Sayımı Veri Girişi'!FZ71 -> 0 | KP13: ='Kafa Sayımı Veri Girişi'!GA71 -> 0 | KS13: ='Kafa Sayımı Veri Girişi'!GD71 -> 0 | KT13: ='Kafa Sayımı Veri Girişi'!GE71 -> 0 | KU13: ='Kafa Sayımı Veri Girişi'!GF71 -> 0 | KV13: ='Kafa Sayımı Veri Girişi'!GG71 -> 0 | KW13: ='Kafa Sayımı Veri Girişi'!GH71 -> 0 | KZ13: ='Kafa Sayımı Veri Girişi'!GK71 -> 0 | LA13: ='Kafa Sayımı Veri Girişi'!GL71 -> 0 | LB13: ='Kafa Sayımı Veri Girişi'!GM71 -> 0 | LC13: ='Kafa Sayımı Veri Girişi'!GN71 -> 0 | LD13: ='Kafa Sayımı Veri Girişi'!GO71 -> 0 | LG13: ='Kafa Sayımı Veri Girişi'!GR71 -> 0 | LH13: ='Kafa Sayımı Veri Girişi'!GS71 -> 0 | LI13: ='Kafa Sayımı Veri Girişi'!GT71 -> 0 | LJ13: ='Kafa Sayımı Veri Girişi'!GU71 -> 0 | LK13: ='Kafa Sayımı Veri Girişi'!GV71 -> 0 | LN13: ='Kafa Sayımı Veri Girişi'!GY71 -> 0 | LO13: ='Kafa Sayımı Veri Girişi'!GZ71 -> 0 | LP13: ='Kafa Sayımı Veri Girişi'!HA71 -> 0 | LQ13: ='Kafa Sayımı Veri Girişi'!HB71 -> 0 | LR13: ='Kafa Sayımı Veri Girişi'!HC71 -> 0 | LU13: ='Kafa Sayımı Veri Girişi'!HF71 -> 0 | LV13: ='Kafa Sayımı Veri Girişi'!HG71 -> 0 | LW13: ='Kafa Sayımı Veri Girişi'!HH71 -> 0 | LX13: ='Kafa Sayımı Veri Girişi'!HI71 -> 0 | LY13: ='Kafa Sayımı Veri Girişi'!HJ71 -> 0 | MB13: ='Kafa Sayımı Veri Girişi'!HM71 -> 0 | MC13: ='Kafa Sayımı Veri Girişi'!HN71 -> 0 | MD13: ='Kafa Sayımı Veri Girişi'!HO71 -> 0 | ME13: ='Kafa Sayımı Veri Girişi'!HP71 -> 0 | MF13: ='Kafa Sayımı Veri Girişi'!HQ71 -> 0 | MI13: ='Kafa Sayımı Veri Girişi'!HT71 -> 0 | MJ13: ='Kafa Sayımı Veri Girişi'!HU71 -> 0 | MK13: ='Kafa Sayımı Veri Girişi'!HV71 -> 0 | ML13: ='Kafa Sayımı Veri Girişi'!HW71 -> 0 | MM13: ='Kafa Sayımı Veri Girişi'!HX71 -> 0 | MP13: ='Kafa Sayımı Veri Girişi'!IA71 -> 0 | MQ13: ='Kafa Sayımı Veri Girişi'!IB71 -> 0 | MR13: ='Kafa Sayımı Veri Girişi'!IC71 -> 0 | MS13: ='Kafa Sayımı Veri Girişi'!ID71 -> 0 | MT13: ='Kafa Sayımı Veri Girişi'!IE71 -> 0 | MW13: ='Kafa Sayımı Veri Girişi'!IH71 -> 0 | MX13: ='Kafa Sayımı Veri Girişi'!II71 -> 0 | MY13: ='Kafa Sayımı Veri Girişi'!IJ71 -> 0 | MZ13: ='Kafa Sayımı Veri Girişi'!IK71 -> 0 | NA13: ='Kafa Sayımı Veri Girişi'!IL71 -> 0 | ND13: ='Kafa Sayımı Veri Girişi'!IO71 -> 0 | NE13: =SUM(D13:ND13) -> 0
C14: 0.54166667 | D14: ='Kafa Sayımı Veri Girişi'!D88 -> 0 | E14: ='Kafa Sayımı Veri Girişi'!E88 -> 0 | F14: ='Kafa Sayımı Veri Girişi'!F88 -> 0 | G14: ='Kafa Sayımı Veri Girişi'!G88 -> 0 | H14: ='Kafa Sayımı Veri Girişi'!H88 -> 0 | K14: ='Kafa Sayımı Veri Girişi'!K88 -> 0 | L14: ='Kafa Sayımı Veri Girişi'!L88 -> 0 | M14: ='Kafa Sayımı Veri Girişi'!M88 -> 0 | N14: ='Kafa Sayımı Veri Girişi'!N88 -> 0 | O14: ='Kafa Sayımı Veri Girişi'!O88 -> 0 | R14: ='Kafa Sayımı Veri Girişi'!R88 -> 0 | S14: ='Kafa Sayımı Veri Girişi'!S88 -> 0 | T14: ='Kafa Sayımı Veri Girişi'!T88 -> 0 | U14: ='Kafa Sayımı Veri Girişi'!U88 -> 0 | V14: ='Kafa Sayımı Veri Girişi'!V88 -> 0 | Y14: ='Kafa Sayımı Veri Girişi'!Y88 -> 0 | Z14: ='Kafa Sayımı Veri Girişi'!Z88 -> 0 | AA14: ='Kafa Sayımı Veri Girişi'!AA88 -> 0 | AB14: ='Kafa Sayımı Veri Girişi'!AB88 -> 0 | AC14: ='Kafa Sayımı Veri Girişi'!AC88 -> 0 | AF14: ='Kafa Sayımı Veri Girişi'!AF88 -> 0 | AG14: ='Kafa Sayımı Veri Girişi'!AG88 -> 0 | AH14: ='Kafa Sayımı Veri Girişi'!AH88 -> 0 | AI14: ='Kafa Sayımı Veri Girişi'!AI88 -> 0 | AJ14: ='Kafa Sayımı Veri Girişi'!AJ88 -> 0 | AM14: ='Kafa Sayımı Veri Girişi'!AM88 -> 0 | AN14: ='Kafa Sayımı Veri Girişi'!AN88 -> 0 | AO14: ='Kafa Sayımı Veri Girişi'!AO88 -> 0 | AP14: ='Kafa Sayımı Veri Girişi'!AP88 -> 0 | AQ14: ='Kafa Sayımı Veri Girişi'!AQ88 -> 0 | AT14: ='Kafa Sayımı Veri Girişi'!AT88 -> 0 | AU14: ='Kafa Sayımı Veri Girişi'!AU88 -> 0 | AV14: ='Kafa Sayımı Veri Girişi'!AV88 -> 0 | AW14: ='Kafa Sayımı Veri Girişi'!AW88 -> 0 | AX14: ='Kafa Sayımı Veri Girişi'!AX88 -> 0 | BA14: ='Kafa Sayımı Veri Girişi'!BA88 -> 0 | BB14: ='Kafa Sayımı Veri Girişi'!BB88 -> 0 | BC14: ='Kafa Sayımı Veri Girişi'!BC88 -> 0 | BD14: ='Kafa Sayımı Veri Girişi'!BD88 -> 0 | BE14: ='Kafa Sayımı Veri Girişi'!BE88 -> 0 | BH14: ='Kafa Sayımı Veri Girişi'!BH88 -> 0 | BI14: ='Kafa Sayımı Veri Girişi'!BI88 -> 0 | BJ14: ='Kafa Sayımı Veri Girişi'!BJ88 -> 0 | BK14: ='Kafa Sayımı Veri Girişi'!BK88 -> 0 | BL14: ='Kafa Sayımı Veri Girişi'!BL88 -> 0 | BO14: ='Kafa Sayımı Veri Girişi'!BO88 -> 0 | BP14: ='Kafa Sayımı Veri Girişi'!BP88 -> 0 | BQ14: ='Kafa Sayımı Veri Girişi'!BQ88 -> 0 | BR14: ='Kafa Sayımı Veri Girişi'!BR88 -> 0 | BS14: ='Kafa Sayımı Veri Girişi'!BS88 -> 0 | BV14: ='Kafa Sayımı Veri Girişi'!BV88 -> 0 | BW14: ='Kafa Sayımı Veri Girişi'!BW88 -> 0 | BX14: ='Kafa Sayımı Veri Girişi'!BX88 -> 0 | BY14: ='Kafa Sayımı Veri Girişi'!BY88 -> 0 | BZ14: ='Kafa Sayımı Veri Girişi'!BZ88 -> 0 | CC14: ='Kafa Sayımı Veri Girişi'!CC88 -> 0 | CD14: ='Kafa Sayımı Veri Girişi'!CD88 -> 0 | CE14: ='Kafa Sayımı Veri Girişi'!CE88 -> 0 | CF14: ='Kafa Sayımı Veri Girişi'!CF88 -> 0 | CG14: ='Kafa Sayımı Veri Girişi'!CG88 -> 0 | CJ14: ='Kafa Sayımı Veri Girişi'!CJ88 -> 0 | CK14: ='Kafa Sayımı Veri Girişi'!CK88 -> 0 | CL14: ='Kafa Sayımı Veri Girişi'!CL88 -> 0 | CM14: ='Kafa Sayımı Veri Girişi'!CM88 -> 0 | CN14: ='Kafa Sayımı Veri Girişi'!CN88 -> 0 | CQ14: ='Kafa Sayımı Veri Girişi'!CQ88 -> 0 | CR14: ='Kafa Sayımı Veri Girişi'!CR88 -> 0 | CS14: ='Kafa Sayımı Veri Girişi'!CS88 -> 0 | CT14: ='Kafa Sayımı Veri Girişi'!CT88 -> 0 | CU14: ='Kafa Sayımı Veri Girişi'!CU88 -> 0 | CX14: ='Kafa Sayımı Veri Girişi'!CX88 -> 0 | CY14: ='Kafa Sayımı Veri Girişi'!CY88 -> 0 | CZ14: ='Kafa Sayımı Veri Girişi'!CZ88 -> 0 | DA14: ='Kafa Sayımı Veri Girişi'!DA88 -> 0 | DB14: ='Kafa Sayımı Veri Girişi'!DB88 -> 0 | DE14: ='Kafa Sayımı Veri Girişi'!DE88 -> 0 | DF14: ='Kafa Sayımı Veri Girişi'!DF88 -> 0 | DG14: ='Kafa Sayımı Veri Girişi'!DG88 -> 0 | DH14: ='Kafa Sayımı Veri Girişi'!DH88 -> 0 | DI14: ='Kafa Sayımı Veri Girişi'!DI88 -> 0 | DL14: ='Kafa Sayımı Veri Girişi'!DL88 -> 0 | DM14: ='Kafa Sayımı Veri Girişi'!DM88 -> 0 | DN14: ='Kafa Sayımı Veri Girişi'!DN88 -> 0 | DO14: ='Kafa Sayımı Veri Girişi'!DO88 -> 0 | DP14: ='Kafa Sayımı Veri Girişi'!DP88 -> 0 | DS14: ='Kafa Sayımı Veri Girişi'!DS88 -> 0 | DT14: ='Kafa Sayımı Veri Girişi'!DT88 -> 0 | DU14: ='Kafa Sayımı Veri Girişi'!DU88 -> 0 | DV14: ='Kafa Sayımı Veri Girişi'!DV88 -> 0 | DW14: ='Kafa Sayımı Veri Girişi'!DW88 -> 0 | DZ14: ='Kafa Sayımı Veri Girişi'!DZ88 -> 0 | EA14: ='Kafa Sayımı Veri Girişi'!EA88 -> 0 | EB14: ='Kafa Sayımı Veri Girişi'!EB88 -> 0 | EC14: ='Kafa Sayımı Veri Girişi'!EC88 -> 0 | ED14: ='Kafa Sayımı Veri Girişi'!ED88 -> 0 | EG14: ='Kafa Sayımı Veri Girişi'!EG88 -> 0 | EH14: ='Kafa Sayımı Veri Girişi'!EH88 -> 0 | EI14: ='Kafa Sayımı Veri Girişi'!EI88 -> 0 | EJ14: ='Kafa Sayımı Veri Girişi'!EJ88 -> 0 | EK14: ='Kafa Sayımı Veri Girişi'!EK88 -> 0 | EN14: ='Kafa Sayımı Veri Girişi'!EN88 -> 0 | EO14: ='Kafa Sayımı Veri Girişi'!EO88 -> 0 | EP14: ='Kafa Sayımı Veri Girişi'!EP88 -> 0 | EQ14: ='Kafa Sayımı Veri Girişi'!EQ88 -> 0 | ER14: ='Kafa Sayımı Veri Girişi'!ER88 -> 0 | EU14: ='Kafa Sayımı Veri Girişi'!EU88 -> 0 | EV14: ='Kafa Sayımı Veri Girişi'!EV88 -> 0 | EW14: ='Kafa Sayımı Veri Girişi'!EW88 -> 0 | EX14: ='Kafa Sayımı Veri Girişi'!EX88 -> 0 | EY14: ='Kafa Sayımı Veri Girişi'!EY88 -> 0 | FB14: ='Kafa Sayımı Veri Girişi'!FB88 -> 0 | FC14: ='Kafa Sayımı Veri Girişi'!FC88 -> 0 | FD14: ='Kafa Sayımı Veri Girişi'!FD88 -> 0 | FE14: ='Kafa Sayımı Veri Girişi'!FE88 -> 0 | FF14: ='Kafa Sayımı Veri Girişi'!FF88 -> 0 | FI14: ='Kafa Sayımı Veri Girişi'!FI88 -> 0 | FJ14: ='Kafa Sayımı Veri Girişi'!FJ88 -> 0 | FK14: ='Kafa Sayımı Veri Girişi'!FK88 -> 0 | FL14: ='Kafa Sayımı Veri Girişi'!FL88 -> 0 | FM14: ='Kafa Sayımı Veri Girişi'!FM88 -> 0 | FP14: ='Kafa Sayımı Veri Girişi'!FP88 -> 0 | FQ14: ='Kafa Sayımı Veri Girişi'!FQ88 -> 0 | FR14: ='Kafa Sayımı Veri Girişi'!FR88 -> 0 | FS14: ='Kafa Sayımı Veri Girişi'!FS88 -> 0 | FT14: ='Kafa Sayımı Veri Girişi'!FT88 -> 0 | FW14: ='Kafa Sayımı Veri Girişi'!FW88 -> 0 | FX14: ='Kafa Sayımı Veri Girişi'!FX88 -> 0 | FY14: ='Kafa Sayımı Veri Girişi'!FY88 -> 0 | FZ14: ='Kafa Sayımı Veri Girişi'!FZ88 -> 0 | GA14: ='Kafa Sayımı Veri Girişi'!GA88 -> 0 | GD14: ='Kafa Sayımı Veri Girişi'!GD88 -> 0 | GE14: ='Kafa Sayımı Veri Girişi'!GE88 -> 0 | GF14: ='Kafa Sayımı Veri Girişi'!GF88 -> 0 | GG14: ='Kafa Sayımı Veri Girişi'!GG88 -> 0 | GH14: ='Kafa Sayımı Veri Girişi'!GH88 -> 0 | GK14: ='Kafa Sayımı Veri Girişi'!GK88 -> 0 | GL14: ='Kafa Sayımı Veri Girişi'!GL88 -> 0 | GM14: ='Kafa Sayımı Veri Girişi'!GM88 -> 0 | GN14: ='Kafa Sayımı Veri Girişi'!GN88 -> 0 | GO14: ='Kafa Sayımı Veri Girişi'!GO88 -> 0 | GR14: ='Kafa Sayımı Veri Girişi'!GR88 -> 0 | GS14: ='Kafa Sayımı Veri Girişi'!GS88 -> 0 | GT14: ='Kafa Sayımı Veri Girişi'!GT88 -> 0 | GU14: ='Kafa Sayımı Veri Girişi'!GU88 -> 0 | GV14: ='Kafa Sayımı Veri Girişi'!GV88 -> 0 | GY14: ='Kafa Sayımı Veri Girişi'!CJ88 -> 0 | GZ14: ='Kafa Sayımı Veri Girişi'!CK88 -> 0 | HA14: ='Kafa Sayımı Veri Girişi'!CL88 -> 0 | HB14: ='Kafa Sayımı Veri Girişi'!CM88 -> 0 | HC14: ='Kafa Sayımı Veri Girişi'!CN88 -> 0 | HF14: ='Kafa Sayımı Veri Girişi'!CQ88 -> 0 | HG14: ='Kafa Sayımı Veri Girişi'!CR88 -> 0 | HH14: ='Kafa Sayımı Veri Girişi'!CS88 -> 0 | HI14: ='Kafa Sayımı Veri Girişi'!CT88 -> 0 | HJ14: ='Kafa Sayımı Veri Girişi'!CU88 -> 0 | HM14: ='Kafa Sayımı Veri Girişi'!CX88 -> 0 | HN14: ='Kafa Sayımı Veri Girişi'!CY88 -> 0 | HO14: ='Kafa Sayımı Veri Girişi'!CZ88 -> 0 | HP14: ='Kafa Sayımı Veri Girişi'!DA88 -> 0 | HQ14: ='Kafa Sayımı Veri Girişi'!DB88 -> 0 | HT14: ='Kafa Sayımı Veri Girişi'!DE88 -> 0 | HU14: ='Kafa Sayımı Veri Girişi'!DF88 -> 0 | HV14: ='Kafa Sayımı Veri Girişi'!DG88 -> 0 | HW14: ='Kafa Sayımı Veri Girişi'!DH88 -> 0 | HX14: ='Kafa Sayımı Veri Girişi'!DI88 -> 0 | IA14: ='Kafa Sayımı Veri Girişi'!DL88 -> 0 | IB14: ='Kafa Sayımı Veri Girişi'!DM88 -> 0 | IC14: ='Kafa Sayımı Veri Girişi'!DN88 -> 0 | ID14: ='Kafa Sayımı Veri Girişi'!DO88 -> 0 | IE14: ='Kafa Sayımı Veri Girişi'!DP88 -> 0 | IH14: ='Kafa Sayımı Veri Girişi'!DS88 -> 0 | II14: ='Kafa Sayımı Veri Girişi'!DT88 -> 0 | IJ14: ='Kafa Sayımı Veri Girişi'!DU88 -> 0 | IK14: ='Kafa Sayımı Veri Girişi'!DV88 -> 0 | IL14: ='Kafa Sayımı Veri Girişi'!DW88 -> 0 | IO14: ='Kafa Sayımı Veri Girişi'!DZ88 -> 0 | IP14: ='Kafa Sayımı Veri Girişi'!EA88 -> 0 | IQ14: ='Kafa Sayımı Veri Girişi'!EB88 -> 0 | IR14: ='Kafa Sayımı Veri Girişi'!EC88 -> 0 | IS14: ='Kafa Sayımı Veri Girişi'!ED88 -> 0 | IV14: ='Kafa Sayımı Veri Girişi'!EG88 -> 0 | IW14: ='Kafa Sayımı Veri Girişi'!EH88 -> 0 | IX14: ='Kafa Sayımı Veri Girişi'!EI88 -> 0 | IY14: ='Kafa Sayımı Veri Girişi'!EJ88 -> 0 | IZ14: ='Kafa Sayımı Veri Girişi'!EK88 -> 0 | JC14: ='Kafa Sayımı Veri Girişi'!EN88 -> 0 | JD14: ='Kafa Sayımı Veri Girişi'!EO88 -> 0 | JE14: ='Kafa Sayımı Veri Girişi'!EP88 -> 0 | JF14: ='Kafa Sayımı Veri Girişi'!EQ88 -> 0 | JG14: ='Kafa Sayımı Veri Girişi'!ER88 -> 0 | JJ14: ='Kafa Sayımı Veri Girişi'!EU88 -> 0 | JK14: ='Kafa Sayımı Veri Girişi'!EV88 -> 0 | JL14: ='Kafa Sayımı Veri Girişi'!EW88 -> 0 | JM14: ='Kafa Sayımı Veri Girişi'!EX88 -> 0 | JN14: ='Kafa Sayımı Veri Girişi'!EY88 -> 0 | JQ14: ='Kafa Sayımı Veri Girişi'!FB88 -> 0 | JR14: ='Kafa Sayımı Veri Girişi'!FC88 -> 0 | JS14: ='Kafa Sayımı Veri Girişi'!FD88 -> 0 | JT14: ='Kafa Sayımı Veri Girişi'!FE88 -> 0 | JU14: ='Kafa Sayımı Veri Girişi'!FF88 -> 0 | JX14: ='Kafa Sayımı Veri Girişi'!FI88 -> 0 | JY14: ='Kafa Sayımı Veri Girişi'!FJ88 -> 0 | JZ14: ='Kafa Sayımı Veri Girişi'!FK88 -> 0 | KA14: ='Kafa Sayımı Veri Girişi'!FL88 -> 0 | KB14: ='Kafa Sayımı Veri Girişi'!FM88 -> 0 | KE14: ='Kafa Sayımı Veri Girişi'!FP88 -> 0 | KF14: ='Kafa Sayımı Veri Girişi'!FQ88 -> 0 | KG14: ='Kafa Sayımı Veri Girişi'!FR88 -> 0 | KH14: ='Kafa Sayımı Veri Girişi'!FS88 -> 0 | KI14: ='Kafa Sayımı Veri Girişi'!FT88 -> 0 | KL14: ='Kafa Sayımı Veri Girişi'!FW88 -> 0 | KM14: ='Kafa Sayımı Veri Girişi'!FX88 -> 0 | KN14: ='Kafa Sayımı Veri Girişi'!FY88 -> 0 | KO14: ='Kafa Sayımı Veri Girişi'!FZ88 -> 0 | KP14: ='Kafa Sayımı Veri Girişi'!GA88 -> 0 | KS14: ='Kafa Sayımı Veri Girişi'!GD88 -> 0 | KT14: ='Kafa Sayımı Veri Girişi'!GE88 -> 0 | KU14: ='Kafa Sayımı Veri Girişi'!GF88 -> 0 | KV14: ='Kafa Sayımı Veri Girişi'!GG88 -> 0 | KW14: ='Kafa Sayımı Veri Girişi'!GH88 -> 0 | KZ14: ='Kafa Sayımı Veri Girişi'!GK88 -> 0 | LA14: ='Kafa Sayımı Veri Girişi'!GL88 -> 0 | LB14: ='Kafa Sayımı Veri Girişi'!GM88 -> 0 | LC14: ='Kafa Sayımı Veri Girişi'!GN88 -> 0 | LD14: ='Kafa Sayımı Veri Girişi'!GO88 -> 0 | LG14: ='Kafa Sayımı Veri Girişi'!GR88 -> 0 | LH14: ='Kafa Sayımı Veri Girişi'!GS88 -> 0 | LI14: ='Kafa Sayımı Veri Girişi'!GT88 -> 0 | LJ14: ='Kafa Sayımı Veri Girişi'!GU88 -> 0 | LK14: ='Kafa Sayımı Veri Girişi'!GV88 -> 0 | LN14: ='Kafa Sayımı Veri Girişi'!GY88 -> 0 | LO14: ='Kafa Sayımı Veri Girişi'!GZ88 -> 0 | LP14: ='Kafa Sayımı Veri Girişi'!HA88 -> 0 | LQ14: ='Kafa Sayımı Veri Girişi'!HB88 -> 0 | LR14: ='Kafa Sayımı Veri Girişi'!HC88 -> 0 | LU14: ='Kafa Sayımı Veri Girişi'!HF88 -> 0 | LV14: ='Kafa Sayımı Veri Girişi'!HG88 -> 0 | LW14: ='Kafa Sayımı Veri Girişi'!HH88 -> 0 | LX14: ='Kafa Sayımı Veri Girişi'!HI88 -> 0 | LY14: ='Kafa Sayımı Veri Girişi'!HJ88 -> 0 | MB14: ='Kafa Sayımı Veri Girişi'!HM88 -> 0 | MC14: ='Kafa Sayımı Veri Girişi'!HN88 -> 0 | MD14: ='Kafa Sayımı Veri Girişi'!HO88 -> 0 | ME14: ='Kafa Sayımı Veri Girişi'!HP88 -> 0 | MF14: ='Kafa Sayımı Veri Girişi'!HQ88 -> 0 | MI14: ='Kafa Sayımı Veri Girişi'!HT88 -> 0 | MJ14: ='Kafa Sayımı Veri Girişi'!HU88 -> 0 | MK14: ='Kafa Sayımı Veri Girişi'!HV88 -> 0 | ML14: ='Kafa Sayımı Veri Girişi'!HW88 -> 0 | MM14: ='Kafa Sayımı Veri Girişi'!HX88 -> 0 | MP14: ='Kafa Sayımı Veri Girişi'!IA88 -> 0 | MQ14: ='Kafa Sayımı Veri Girişi'!IB88 -> 0 | MR14: ='Kafa Sayımı Veri Girişi'!IC88 -> 0 | MS14: ='Kafa Sayımı Veri Girişi'!ID88 -> 0 | MT14: ='Kafa Sayımı Veri Girişi'!IE88 -> 0 | MW14: ='Kafa Sayımı Veri Girişi'!IH88 -> 0 | MX14: ='Kafa Sayımı Veri Girişi'!II88 -> 0 | MY14: ='Kafa Sayımı Veri Girişi'!IJ88 -> 0 | MZ14: ='Kafa Sayımı Veri Girişi'!IK88 -> 0 | NA14: ='Kafa Sayımı Veri Girişi'!IL88 -> 0 | ND14: ='Kafa Sayımı Veri Girişi'!IO88 -> 0 | NE14: =SUM(D14:ND14) -> 0
C15: 0.58333333 | D15: ='Kafa Sayımı Veri Girişi'!D105 -> 0 | E15: ='Kafa Sayımı Veri Girişi'!E105 -> 0 | F15: ='Kafa Sayımı Veri Girişi'!F105 -> 0 | G15: ='Kafa Sayımı Veri Girişi'!G105 -> 0 | H15: ='Kafa Sayımı Veri Girişi'!H105 -> 0 | K15: ='Kafa Sayımı Veri Girişi'!K105 -> 0 | L15: ='Kafa Sayımı Veri Girişi'!L105 -> 0 | M15: ='Kafa Sayımı Veri Girişi'!M105 -> 0 | N15: ='Kafa Sayımı Veri Girişi'!N105 -> 0 | O15: ='Kafa Sayımı Veri Girişi'!O105 -> 0 | R15: ='Kafa Sayımı Veri Girişi'!R105 -> 0 | S15: ='Kafa Sayımı Veri Girişi'!S105 -> 0 | T15: ='Kafa Sayımı Veri Girişi'!T105 -> 0 | U15: ='Kafa Sayımı Veri Girişi'!U105 -> 0 | V15: ='Kafa Sayımı Veri Girişi'!V105 -> 0 | Y15: ='Kafa Sayımı Veri Girişi'!Y105 -> 0 | Z15: ='Kafa Sayımı Veri Girişi'!Z105 -> 0 | AA15: ='Kafa Sayımı Veri Girişi'!AA105 -> 0 | AB15: ='Kafa Sayımı Veri Girişi'!AB105 -> 0 | AC15: ='Kafa Sayımı Veri Girişi'!AC105 -> 0 | AF15: ='Kafa Sayımı Veri Girişi'!AF105 -> 0 | AG15: ='Kafa Sayımı Veri Girişi'!AG105 -> 0 | AH15: ='Kafa Sayımı Veri Girişi'!AH105 -> 0 | AI15: ='Kafa Sayımı Veri Girişi'!AI105 -> 0 | AJ15: ='Kafa Sayımı Veri Girişi'!AJ105 -> 0 | AM15: ='Kafa Sayımı Veri Girişi'!AM105 -> 0 | AN15: ='Kafa Sayımı Veri Girişi'!AN105 -> 0 | AO15: ='Kafa Sayımı Veri Girişi'!AO105 -> 0 | AP15: ='Kafa Sayımı Veri Girişi'!AP105 -> 0 | AQ15: ='Kafa Sayımı Veri Girişi'!AQ105 -> 0 | AT15: ='Kafa Sayımı Veri Girişi'!AT105 -> 0 | AU15: ='Kafa Sayımı Veri Girişi'!AU105 -> 0 | AV15: ='Kafa Sayımı Veri Girişi'!AV105 -> 0 | AW15: ='Kafa Sayımı Veri Girişi'!AW105 -> 0 | AX15: ='Kafa Sayımı Veri Girişi'!AX105 -> 0 | BA15: ='Kafa Sayımı Veri Girişi'!BA105 -> 0 | BB15: ='Kafa Sayımı Veri Girişi'!BB105 -> 0 | BC15: ='Kafa Sayımı Veri Girişi'!BC105 -> 0 | BD15: ='Kafa Sayımı Veri Girişi'!BD105 -> 0 | BE15: ='Kafa Sayımı Veri Girişi'!BE105 -> 0 | BH15: ='Kafa Sayımı Veri Girişi'!BH105 -> 0 | BI15: ='Kafa Sayımı Veri Girişi'!BI105 -> 0 | BJ15: ='Kafa Sayımı Veri Girişi'!BJ105 -> 0 | BK15: ='Kafa Sayımı Veri Girişi'!BK105 -> 0 | BL15: ='Kafa Sayımı Veri Girişi'!BL105 -> 0 | BO15: ='Kafa Sayımı Veri Girişi'!BO105 -> 0 | BP15: ='Kafa Sayımı Veri Girişi'!BP105 -> 0 | BQ15: ='Kafa Sayımı Veri Girişi'!BQ105 -> 0 | BR15: ='Kafa Sayımı Veri Girişi'!BR105 -> 0 | BS15: ='Kafa Sayımı Veri Girişi'!BS105 -> 0 | BV15: ='Kafa Sayımı Veri Girişi'!BV105 -> 0 | BW15: ='Kafa Sayımı Veri Girişi'!BW105 -> 0 | BX15: ='Kafa Sayımı Veri Girişi'!BX105 -> 0 | BY15: ='Kafa Sayımı Veri Girişi'!BY105 -> 0 | BZ15: ='Kafa Sayımı Veri Girişi'!BZ105 -> 0 | CC15: ='Kafa Sayımı Veri Girişi'!CC105 -> 0 | CD15: ='Kafa Sayımı Veri Girişi'!CD105 -> 0 | CE15: ='Kafa Sayımı Veri Girişi'!CE105 -> 0 | CF15: ='Kafa Sayımı Veri Girişi'!CF105 -> 0 | CG15: ='Kafa Sayımı Veri Girişi'!CG105 -> 0 | CJ15: ='Kafa Sayımı Veri Girişi'!CJ105 -> 0 | CK15: ='Kafa Sayımı Veri Girişi'!CK105 -> 0 | CL15: ='Kafa Sayımı Veri Girişi'!CL105 -> 0 | CM15: ='Kafa Sayımı Veri Girişi'!CM105 -> 0 | CN15: ='Kafa Sayımı Veri Girişi'!CN105 -> 0 | CQ15: ='Kafa Sayımı Veri Girişi'!CQ105 -> 0 | CR15: ='Kafa Sayımı Veri Girişi'!CR105 -> 0 | CS15: ='Kafa Sayımı Veri Girişi'!CS105 -> 0 | CT15: ='Kafa Sayımı Veri Girişi'!CT105 -> 0 | CU15: ='Kafa Sayımı Veri Girişi'!CU105 -> 0 | CX15: ='Kafa Sayımı Veri Girişi'!CX105 -> 0 | CY15: ='Kafa Sayımı Veri Girişi'!CY105 -> 0 | CZ15: ='Kafa Sayımı Veri Girişi'!CZ105 -> 0 | DA15: ='Kafa Sayımı Veri Girişi'!DA105 -> 0 | DB15: ='Kafa Sayımı Veri Girişi'!DB105 -> 0 | DE15: ='Kafa Sayımı Veri Girişi'!DE105 -> 0 | DF15: ='Kafa Sayımı Veri Girişi'!DF105 -> 0 | DG15: ='Kafa Sayımı Veri Girişi'!DG105 -> 0 | DH15: ='Kafa Sayımı Veri Girişi'!DH105 -> 0 | DI15: ='Kafa Sayımı Veri Girişi'!DI105 -> 0 | DL15: ='Kafa Sayımı Veri Girişi'!DL105 -> 0 | DM15: ='Kafa Sayımı Veri Girişi'!DM105 -> 0 | DN15: ='Kafa Sayımı Veri Girişi'!DN105 -> 0 | DO15: ='Kafa Sayımı Veri Girişi'!DO105 -> 0 | DP15: ='Kafa Sayımı Veri Girişi'!DP105 -> 0 | DS15: ='Kafa Sayımı Veri Girişi'!DS105 -> 0 | DT15: ='Kafa Sayımı Veri Girişi'!DT105 -> 0 | DU15: ='Kafa Sayımı Veri Girişi'!DU105 -> 0 | DV15: ='Kafa Sayımı Veri Girişi'!DV105 -> 0 | DW15: ='Kafa Sayımı Veri Girişi'!DW105 -> 0 | DZ15: ='Kafa Sayımı Veri Girişi'!DZ105 -> 0 | EA15: ='Kafa Sayımı Veri Girişi'!EA105 -> 0 | EB15: ='Kafa Sayımı Veri Girişi'!EB105 -> 0 | EC15: ='Kafa Sayımı Veri Girişi'!EC105 -> 0 | ED15: ='Kafa Sayımı Veri Girişi'!ED105 -> 0 | EG15: ='Kafa Sayımı Veri Girişi'!EG105 -> 0 | EH15: ='Kafa Sayımı Veri Girişi'!EH105 -> 0 | EI15: ='Kafa Sayımı Veri Girişi'!EI105 -> 0 | EJ15: ='Kafa Sayımı Veri Girişi'!EJ105 -> 0 | EK15: ='Kafa Sayımı Veri Girişi'!EK105 -> 0 | EN15: ='Kafa Sayımı Veri Girişi'!EN105 -> 0 | EO15: ='Kafa Sayımı Veri Girişi'!EO105 -> 0 | EP15: ='Kafa Sayımı Veri Girişi'!EP105 -> 0 | EQ15: ='Kafa Sayımı Veri Girişi'!EQ105 -> 0 | ER15: ='Kafa Sayımı Veri Girişi'!ER105 -> 0 | EU15: ='Kafa Sayımı Veri Girişi'!EU105 -> 0 | EV15: ='Kafa Sayımı Veri Girişi'!EV105 -> 0 | EW15: ='Kafa Sayımı Veri Girişi'!EW105 -> 0 | EX15: ='Kafa Sayımı Veri Girişi'!EX105 -> 0 | EY15: ='Kafa Sayımı Veri Girişi'!EY105 -> 0 | FB15: ='Kafa Sayımı Veri Girişi'!FB105 -> 0 | FC15: ='Kafa Sayımı Veri Girişi'!FC105 -> 0 | FD15: ='Kafa Sayımı Veri Girişi'!FD105 -> 0 | FE15: ='Kafa Sayımı Veri Girişi'!FE105 -> 0 | FF15: ='Kafa Sayımı Veri Girişi'!FF105 -> 0 | FI15: ='Kafa Sayımı Veri Girişi'!FI105 -> 0 | FJ15: ='Kafa Sayımı Veri Girişi'!FJ105 -> 0 | FK15: ='Kafa Sayımı Veri Girişi'!FK105 -> 0 | FL15: ='Kafa Sayımı Veri Girişi'!FL105 -> 0 | FM15: ='Kafa Sayımı Veri Girişi'!FM105 -> 0 | FP15: ='Kafa Sayımı Veri Girişi'!FP105 -> 0 | FQ15: ='Kafa Sayımı Veri Girişi'!FQ105 -> 0 | FR15: ='Kafa Sayımı Veri Girişi'!FR105 -> 0 | FS15: ='Kafa Sayımı Veri Girişi'!FS105 -> 0 | FT15: ='Kafa Sayımı Veri Girişi'!FT105 -> 0 | FW15: ='Kafa Sayımı Veri Girişi'!FW105 -> 0 | FX15: ='Kafa Sayımı Veri Girişi'!FX105 -> 0 | FY15: ='Kafa Sayımı Veri Girişi'!FY105 -> 0 | FZ15: ='Kafa Sayımı Veri Girişi'!FZ105 -> 0 | GA15: ='Kafa Sayımı Veri Girişi'!GA105 -> 0 | GD15: ='Kafa Sayımı Veri Girişi'!GD105 -> 0 | GE15: ='Kafa Sayımı Veri Girişi'!GE105 -> 0 | GF15: ='Kafa Sayımı Veri Girişi'!GF105 -> 0 | GG15: ='Kafa Sayımı Veri Girişi'!GG105 -> 0 | GH15: ='Kafa Sayımı Veri Girişi'!GH105 -> 0 | GK15: ='Kafa Sayımı Veri Girişi'!GK105 -> 0 | GL15: ='Kafa Sayımı Veri Girişi'!GL105 -> 0 | GM15: ='Kafa Sayımı Veri Girişi'!GM105 -> 0 | GN15: ='Kafa Sayımı Veri Girişi'!GN105 -> 0 | GO15: ='Kafa Sayımı Veri Girişi'!GO105 -> 0 | GR15: ='Kafa Sayımı Veri Girişi'!GR105 -> 0 | GS15: ='Kafa Sayımı Veri Girişi'!GS105 -> 0 | GT15: ='Kafa Sayımı Veri Girişi'!GT105 -> 0 | GU15: ='Kafa Sayımı Veri Girişi'!GU105 -> 0 | GV15: ='Kafa Sayımı Veri Girişi'!GV105 -> 0 | GY15: ='Kafa Sayımı Veri Girişi'!CJ105 -> 0 | GZ15: ='Kafa Sayımı Veri Girişi'!CK105 -> 0 | HA15: ='Kafa Sayımı Veri Girişi'!CL105 -> 0 | HB15: ='Kafa Sayımı Veri Girişi'!CM105 -> 0 | HC15: ='Kafa Sayımı Veri Girişi'!CN105 -> 0 | HF15: ='Kafa Sayımı Veri Girişi'!CQ105 -> 0 | HG15: ='Kafa Sayımı Veri Girişi'!CR105 -> 0 | HH15: ='Kafa Sayımı Veri Girişi'!CS105 -> 0 | HI15: ='Kafa Sayımı Veri Girişi'!CT105 -> 0 | HJ15: ='Kafa Sayımı Veri Girişi'!CU105 -> 0 | HM15: ='Kafa Sayımı Veri Girişi'!CX105 -> 0 | HN15: ='Kafa Sayımı Veri Girişi'!CY105 -> 0 | HO15: ='Kafa Sayımı Veri Girişi'!CZ105 -> 0 | HP15: ='Kafa Sayımı Veri Girişi'!DA105 -> 0 | HQ15: ='Kafa Sayımı Veri Girişi'!DB105 -> 0 | HT15: ='Kafa Sayımı Veri Girişi'!DE105 -> 0 | HU15: ='Kafa Sayımı Veri Girişi'!DF105 -> 0 | HV15: ='Kafa Sayımı Veri Girişi'!DG105 -> 0 | HW15: ='Kafa Sayımı Veri Girişi'!DH105 -> 0 | HX15: ='Kafa Sayımı Veri Girişi'!DI105 -> 0 | IA15: ='Kafa Sayımı Veri Girişi'!DL105 -> 0 | IB15: ='Kafa Sayımı Veri Girişi'!DM105 -> 0 | IC15: ='Kafa Sayımı Veri Girişi'!DN105 -> 0 | ID15: ='Kafa Sayımı Veri Girişi'!DO105 -> 0 | IE15: ='Kafa Sayımı Veri Girişi'!DP105 -> 0 | IH15: ='Kafa Sayımı Veri Girişi'!DS105 -> 0 | II15: ='Kafa Sayımı Veri Girişi'!DT105 -> 0 | IJ15: ='Kafa Sayımı Veri Girişi'!DU105 -> 0 | IK15: ='Kafa Sayımı Veri Girişi'!DV105 -> 0 | IL15: ='Kafa Sayımı Veri Girişi'!DW105 -> 0 | IO15: ='Kafa Sayımı Veri Girişi'!DZ105 -> 0 | IP15: ='Kafa Sayımı Veri Girişi'!EA105 -> 0 | IQ15: ='Kafa Sayımı Veri Girişi'!EB105 -> 0 | IR15: ='Kafa Sayımı Veri Girişi'!EC105 -> 0 | IS15: ='Kafa Sayımı Veri Girişi'!ED105 -> 0 | IV15: ='Kafa Sayımı Veri Girişi'!EG105 -> 0 | IW15: ='Kafa Sayımı Veri Girişi'!EH105 -> 0 | IX15: ='Kafa Sayımı Veri Girişi'!EI105 -> 0 | IY15: ='Kafa Sayımı Veri Girişi'!EJ105 -> 0 | IZ15: ='Kafa Sayımı Veri Girişi'!EK105 -> 0 | JC15: ='Kafa Sayımı Veri Girişi'!EN105 -> 0 | JD15: ='Kafa Sayımı Veri Girişi'!EO105 -> 0 | JE15: ='Kafa Sayımı Veri Girişi'!EP105 -> 0 | JF15: ='Kafa Sayımı Veri Girişi'!EQ105 -> 0 | JG15: ='Kafa Sayımı Veri Girişi'!ER105 -> 0 | JJ15: ='Kafa Sayımı Veri Girişi'!EU105 -> 0 | JK15: ='Kafa Sayımı Veri Girişi'!EV105 -> 0 | JL15: ='Kafa Sayımı Veri Girişi'!EW105 -> 0 | JM15: ='Kafa Sayımı Veri Girişi'!EX105 -> 0 | JN15: ='Kafa Sayımı Veri Girişi'!EY105 -> 0 | JQ15: ='Kafa Sayımı Veri Girişi'!FB105 -> 0 | JR15: ='Kafa Sayımı Veri Girişi'!FC105 -> 0 | JS15: ='Kafa Sayımı Veri Girişi'!FD105 -> 0 | JT15: ='Kafa Sayımı Veri Girişi'!FE105 -> 0 | JU15: ='Kafa Sayımı Veri Girişi'!FF105 -> 0 | JX15: ='Kafa Sayımı Veri Girişi'!FI105 -> 0 | JY15: ='Kafa Sayımı Veri Girişi'!FJ105 -> 0 | JZ15: ='Kafa Sayımı Veri Girişi'!FK105 -> 0 | KA15: ='Kafa Sayımı Veri Girişi'!FL105 -> 0 | KB15: ='Kafa Sayımı Veri Girişi'!FM105 -> 0 | KE15: ='Kafa Sayımı Veri Girişi'!FP105 -> 0 | KF15: ='Kafa Sayımı Veri Girişi'!FQ105 -> 0 | KG15: ='Kafa Sayımı Veri Girişi'!FR105 -> 0 | KH15: ='Kafa Sayımı Veri Girişi'!FS105 -> 0 | KI15: ='Kafa Sayımı Veri Girişi'!FT105 -> 0 | KL15: ='Kafa Sayımı Veri Girişi'!FW105 -> 0 | KM15: ='Kafa Sayımı Veri Girişi'!FX105 -> 0 | KN15: ='Kafa Sayımı Veri Girişi'!FY105 -> 0 | KO15: ='Kafa Sayımı Veri Girişi'!FZ105 -> 0 | KP15: ='Kafa Sayımı Veri Girişi'!GA105 -> 0 | KS15: ='Kafa Sayımı Veri Girişi'!GD105 -> 0 | KT15: ='Kafa Sayımı Veri Girişi'!GE105 -> 0 | KU15: ='Kafa Sayımı Veri Girişi'!GF105 -> 0 | KV15: ='Kafa Sayımı Veri Girişi'!GG105 -> 0 | KW15: ='Kafa Sayımı Veri Girişi'!GH105 -> 0 | KZ15: ='Kafa Sayımı Veri Girişi'!GK105 -> 0 | LA15: ='Kafa Sayımı Veri Girişi'!GL105 -> 0 | LB15: ='Kafa Sayımı Veri Girişi'!GM105 -> 0 | LC15: ='Kafa Sayımı Veri Girişi'!GN105 -> 0 | LD15: ='Kafa Sayımı Veri Girişi'!GO105 -> 0 | LG15: ='Kafa Sayımı Veri Girişi'!GR105 -> 0 | LH15: ='Kafa Sayımı Veri Girişi'!GS105 -> 0 | LI15: ='Kafa Sayımı Veri Girişi'!GT105 -> 0 | LJ15: ='Kafa Sayımı Veri Girişi'!GU105 -> 0 | LK15: ='Kafa Sayımı Veri Girişi'!GV105 -> 0 | LN15: ='Kafa Sayımı Veri Girişi'!GY105 -> 0 | LO15: ='Kafa Sayımı Veri Girişi'!GZ105 -> 0 | LP15: ='Kafa Sayımı Veri Girişi'!HA105 -> 0 | LQ15: ='Kafa Sayımı Veri Girişi'!HB105 -> 0 | LR15: ='Kafa Sayımı Veri Girişi'!HC105 -> 0 | LU15: ='Kafa Sayımı Veri Girişi'!HF105 -> 0 | LV15: ='Kafa Sayımı Veri Girişi'!HG105 -> 0 | LW15: ='Kafa Sayımı Veri Girişi'!HH105 -> 0 | LX15: ='Kafa Sayımı Veri Girişi'!HI105 -> 0 | LY15: ='Kafa Sayımı Veri Girişi'!HJ105 -> 0 | MB15: ='Kafa Sayımı Veri Girişi'!HM105 -> 0 | MC15: ='Kafa Sayımı Veri Girişi'!HN105 -> 0 | MD15: ='Kafa Sayımı Veri Girişi'!HO105 -> 0 | ME15: ='Kafa Sayımı Veri Girişi'!HP105 -> 0 | MF15: ='Kafa Sayımı Veri Girişi'!HQ105 -> 0 | MI15: ='Kafa Sayımı Veri Girişi'!HT105 -> 0 | MJ15: ='Kafa Sayımı Veri Girişi'!HU105 -> 0 | MK15: ='Kafa Sayımı Veri Girişi'!HV105 -> 0 | ML15: ='Kafa Sayımı Veri Girişi'!HW105 -> 0 | MM15: ='Kafa Sayımı Veri Girişi'!HX105 -> 0 | MP15: ='Kafa Sayımı Veri Girişi'!IA105 -> 0 | MQ15: ='Kafa Sayımı Veri Girişi'!IB105 -> 0 | MR15: ='Kafa Sayımı Veri Girişi'!IC105 -> 0 | MS15: ='Kafa Sayımı Veri Girişi'!ID105 -> 0 | MT15: ='Kafa Sayımı Veri Girişi'!IE105 -> 0 | MW15: ='Kafa Sayımı Veri Girişi'!IH105 -> 0 | MX15: ='Kafa Sayımı Veri Girişi'!II105 -> 0 | MY15: ='Kafa Sayımı Veri Girişi'!IJ105 -> 0 | MZ15: ='Kafa Sayımı Veri Girişi'!IK105 -> 0 | NA15: ='Kafa Sayımı Veri Girişi'!IL105 -> 0 | ND15: ='Kafa Sayımı Veri Girişi'!IO105 -> 0 | NE15: =SUM(D15:ND15) -> 0
C16: 0.625 | D16: ='Kafa Sayımı Veri Girişi'!D122 -> 0 | E16: ='Kafa Sayımı Veri Girişi'!E122 -> 0 | F16: ='Kafa Sayımı Veri Girişi'!F122 -> 0 | G16: ='Kafa Sayımı Veri Girişi'!G122 -> 0 | H16: ='Kafa Sayımı Veri Girişi'!H122 -> 0 | K16: ='Kafa Sayımı Veri Girişi'!K122 -> 0 | L16: ='Kafa Sayımı Veri Girişi'!L122 -> 0 | M16: ='Kafa Sayımı Veri Girişi'!M122 -> 0 | N16: ='Kafa Sayımı Veri Girişi'!N122 -> 0 | O16: ='Kafa Sayımı Veri Girişi'!O122 -> 0 | R16: ='Kafa Sayımı Veri Girişi'!R122 -> 0 | S16: ='Kafa Sayımı Veri Girişi'!S122 -> 0 | T16: ='Kafa Sayımı Veri Girişi'!T122 -> 0 | U16: ='Kafa Sayımı Veri Girişi'!U122 -> 0 | V16: ='Kafa Sayımı Veri Girişi'!V122 -> 0 | Y16: ='Kafa Sayımı Veri Girişi'!Y122 -> 0 | Z16: ='Kafa Sayımı Veri Girişi'!Z122 -> 0 | AA16: ='Kafa Sayımı Veri Girişi'!AA122 -> 0 | AB16: ='Kafa Sayımı Veri Girişi'!AB122 -> 0 | AC16: ='Kafa Sayımı Veri Girişi'!AC122 -> 0 | AF16: ='Kafa Sayımı Veri Girişi'!AF122 -> 0 | AG16: ='Kafa Sayımı Veri Girişi'!AG122 -> 0 | AH16: ='Kafa Sayımı Veri Girişi'!AH122 -> 0 | AI16: ='Kafa Sayımı Veri Girişi'!AI122 -> 0 | AJ16: ='Kafa Sayımı Veri Girişi'!AJ122 -> 0 | AM16: ='Kafa Sayımı Veri Girişi'!AM122 -> 0 | AN16: ='Kafa Sayımı Veri Girişi'!AN122 -> 0 | AO16: ='Kafa Sayımı Veri Girişi'!AO122 -> 0 | AP16: ='Kafa Sayımı Veri Girişi'!AP122 -> 0 | AQ16: ='Kafa Sayımı Veri Girişi'!AQ122 -> 0 | AT16: ='Kafa Sayımı Veri Girişi'!AT122 -> 0 | AU16: ='Kafa Sayımı Veri Girişi'!AU122 -> 0 | AV16: ='Kafa Sayımı Veri Girişi'!AV122 -> 0 | AW16: ='Kafa Sayımı Veri Girişi'!AW122 -> 0 | AX16: ='Kafa Sayımı Veri Girişi'!AX122 -> 0 | BA16: ='Kafa Sayımı Veri Girişi'!BA122 -> 0 | BB16: ='Kafa Sayımı Veri Girişi'!BB122 -> 0 | BC16: ='Kafa Sayımı Veri Girişi'!BC122 -> 0 | BD16: ='Kafa Sayımı Veri Girişi'!BD122 -> 0 | BE16: ='Kafa Sayımı Veri Girişi'!BE122 -> 0 | BH16: ='Kafa Sayımı Veri Girişi'!BH122 -> 0 | BI16: ='Kafa Sayımı Veri Girişi'!BI122 -> 0 | BJ16: ='Kafa Sayımı Veri Girişi'!BJ122 -> 0 | BK16: ='Kafa Sayımı Veri Girişi'!BK122 -> 0 | BL16: ='Kafa Sayımı Veri Girişi'!BL122 -> 0 | BO16: ='Kafa Sayımı Veri Girişi'!BO122 -> 0 | BP16: ='Kafa Sayımı Veri Girişi'!BP122 -> 0 | BQ16: ='Kafa Sayımı Veri Girişi'!BQ122 -> 0 | BR16: ='Kafa Sayımı Veri Girişi'!BR122 -> 0 | BS16: ='Kafa Sayımı Veri Girişi'!BS122 -> 0 | BV16: ='Kafa Sayımı Veri Girişi'!BV122 -> 0 | BW16: ='Kafa Sayımı Veri Girişi'!BW122 -> 0 | BX16: ='Kafa Sayımı Veri Girişi'!BX122 -> 0 | BY16: ='Kafa Sayımı Veri Girişi'!BY122 -> 0 | BZ16: ='Kafa Sayımı Veri Girişi'!BZ122 -> 0 | CC16: ='Kafa Sayımı Veri Girişi'!CC122 -> 0 | CD16: ='Kafa Sayımı Veri Girişi'!CD122 -> 0 | CE16: ='Kafa Sayımı Veri Girişi'!CE122 -> 0 | CF16: ='Kafa Sayımı Veri Girişi'!CF122 -> 0 | CG16: ='Kafa Sayımı Veri Girişi'!CG122 -> 0 | CJ16: ='Kafa Sayımı Veri Girişi'!CJ122 -> 0 | CK16: ='Kafa Sayımı Veri Girişi'!CK122 -> 0 | CL16: ='Kafa Sayımı Veri Girişi'!CL122 -> 0 | CM16: ='Kafa Sayımı Veri Girişi'!CM122 -> 0 | CN16: ='Kafa Sayımı Veri Girişi'!CN122 -> 0 | CQ16: ='Kafa Sayımı Veri Girişi'!CQ122 -> 0 | CR16: ='Kafa Sayımı Veri Girişi'!CR122 -> 0 | CS16: ='Kafa Sayımı Veri Girişi'!CS122 -> 0 | CT16: ='Kafa Sayımı Veri Girişi'!CT122 -> 0 | CU16: ='Kafa Sayımı Veri Girişi'!CU122 -> 0 | CX16: ='Kafa Sayımı Veri Girişi'!CX122 -> 0 | CY16: ='Kafa Sayımı Veri Girişi'!CY122 -> 0 | CZ16: ='Kafa Sayımı Veri Girişi'!CZ122 -> 0 | DA16: ='Kafa Sayımı Veri Girişi'!DA122 -> 0 | DB16: ='Kafa Sayımı Veri Girişi'!DB122 -> 0 | DE16: ='Kafa Sayımı Veri Girişi'!DE122 -> 0 | DF16: ='Kafa Sayımı Veri Girişi'!DF122 -> 0 | DG16: ='Kafa Sayımı Veri Girişi'!DG122 -> 0 | DH16: ='Kafa Sayımı Veri Girişi'!DH122 -> 0 | DI16: ='Kafa Sayımı Veri Girişi'!DI122 -> 0 | DL16: ='Kafa Sayımı Veri Girişi'!DL122 -> 0 | DM16: ='Kafa Sayımı Veri Girişi'!DM122 -> 0 | DN16: ='Kafa Sayımı Veri Girişi'!DN122 -> 0 | DO16: ='Kafa Sayımı Veri Girişi'!DO122 -> 0 | DP16: ='Kafa Sayımı Veri Girişi'!DP122 -> 0 | DS16: ='Kafa Sayımı Veri Girişi'!DS122 -> 0 | DT16: ='Kafa Sayımı Veri Girişi'!DT122 -> 0 | DU16: ='Kafa Sayımı Veri Girişi'!DU122 -> 0 | DV16: ='Kafa Sayımı Veri Girişi'!DV122 -> 0 | DW16: ='Kafa Sayımı Veri Girişi'!DW122 -> 0 | DZ16: ='Kafa Sayımı Veri Girişi'!DZ122 -> 0 | EA16: ='Kafa Sayımı Veri Girişi'!EA122 -> 0 | EB16: ='Kafa Sayımı Veri Girişi'!EB122 -> 0 | EC16: ='Kafa Sayımı Veri Girişi'!EC122 -> 0 | ED16: ='Kafa Sayımı Veri Girişi'!ED122 -> 0 | EG16: ='Kafa Sayımı Veri Girişi'!EG122 -> 0 | EH16: ='Kafa Sayımı Veri Girişi'!EH122 -> 0 | EI16: ='Kafa Sayımı Veri Girişi'!EI122 -> 0 | EJ16: ='Kafa Sayımı Veri Girişi'!EJ122 -> 0 | EK16: ='Kafa Sayımı Veri Girişi'!EK122 -> 0 | EN16: ='Kafa Sayımı Veri Girişi'!EN122 -> 0 | EO16: ='Kafa Sayımı Veri Girişi'!EO122 -> 0 | EP16: ='Kafa Sayımı Veri Girişi'!EP122 -> 0 | EQ16: ='Kafa Sayımı Veri Girişi'!EQ122 -> 0 | ER16: ='Kafa Sayımı Veri Girişi'!ER122 -> 0 | EU16: ='Kafa Sayımı Veri Girişi'!EU122 -> 0 | EV16: ='Kafa Sayımı Veri Girişi'!EV122 -> 0 | EW16: ='Kafa Sayımı Veri Girişi'!EW122 -> 0 | EX16: ='Kafa Sayımı Veri Girişi'!EX122 -> 0 | EY16: ='Kafa Sayımı Veri Girişi'!EY122 -> 0 | FB16: ='Kafa Sayımı Veri Girişi'!FB122 -> 0 | FC16: ='Kafa Sayımı Veri Girişi'!FC122 -> 0 | FD16: ='Kafa Sayımı Veri Girişi'!FD122 -> 0 | FE16: ='Kafa Sayımı Veri Girişi'!FE122 -> 0 | FF16: ='Kafa Sayımı Veri Girişi'!FF122 -> 0 | FI16: ='Kafa Sayımı Veri Girişi'!FI122 -> 0 | FJ16: ='Kafa Sayımı Veri Girişi'!FJ122 -> 0 | FK16: ='Kafa Sayımı Veri Girişi'!FK122 -> 0 | FL16: ='Kafa Sayımı Veri Girişi'!FL122 -> 0 | FM16: ='Kafa Sayımı Veri Girişi'!FM122 -> 0 | FP16: ='Kafa Sayımı Veri Girişi'!FP122 -> 0 | FQ16: ='Kafa Sayımı Veri Girişi'!FQ122 -> 0 | FR16: ='Kafa Sayımı Veri Girişi'!FR122 -> 0 | FS16: ='Kafa Sayımı Veri Girişi'!FS122 -> 0 | FT16: ='Kafa Sayımı Veri Girişi'!FT122 -> 0 | FW16: ='Kafa Sayımı Veri Girişi'!FW122 -> 0 | FX16: ='Kafa Sayımı Veri Girişi'!FX122 -> 0 | FY16: ='Kafa Sayımı Veri Girişi'!FY122 -> 0 | FZ16: ='Kafa Sayımı Veri Girişi'!FZ122 -> 0 | GA16: ='Kafa Sayımı Veri Girişi'!GA122 -> 0 | GD16: ='Kafa Sayımı Veri Girişi'!GD122 -> 0 | GE16: ='Kafa Sayımı Veri Girişi'!GE122 -> 0 | GF16: ='Kafa Sayımı Veri Girişi'!GF122 -> 0 | GG16: ='Kafa Sayımı Veri Girişi'!GG122 -> 0 | GH16: ='Kafa Sayımı Veri Girişi'!GH122 -> 0 | GK16: ='Kafa Sayımı Veri Girişi'!GK122 -> 0 | GL16: ='Kafa Sayımı Veri Girişi'!GL122 -> 0 | GM16: ='Kafa Sayımı Veri Girişi'!GM122 -> 0 | GN16: ='Kafa Sayımı Veri Girişi'!GN122 -> 0 | GO16: ='Kafa Sayımı Veri Girişi'!GO122 -> 0 | GR16: ='Kafa Sayımı Veri Girişi'!GR122 -> 0 | GS16: ='Kafa Sayımı Veri Girişi'!GS122 -> 0 | GT16: ='Kafa Sayımı Veri Girişi'!GT122 -> 0 | GU16: ='Kafa Sayımı Veri Girişi'!GU122 -> 0 | GV16: ='Kafa Sayımı Veri Girişi'!GV122 -> 0 | GY16: ='Kafa Sayımı Veri Girişi'!CJ122 -> 0 | GZ16: ='Kafa Sayımı Veri Girişi'!CK122 -> 0 | HA16: ='Kafa Sayımı Veri Girişi'!CL122 -> 0 | HB16: ='Kafa Sayımı Veri Girişi'!CM122 -> 0 | HC16: ='Kafa Sayımı Veri Girişi'!CN122 -> 0 | HF16: ='Kafa Sayımı Veri Girişi'!CQ122 -> 0 | HG16: ='Kafa Sayımı Veri Girişi'!CR122 -> 0 | HH16: ='Kafa Sayımı Veri Girişi'!CS122 -> 0 | HI16: ='Kafa Sayımı Veri Girişi'!CT122 -> 0 | HJ16: ='Kafa Sayımı Veri Girişi'!CU122 -> 0 | HM16: ='Kafa Sayımı Veri Girişi'!CX122 -> 0 | HN16: ='Kafa Sayımı Veri Girişi'!CY122 -> 0 | HO16: ='Kafa Sayımı Veri Girişi'!CZ122 -> 0 | HP16: ='Kafa Sayımı Veri Girişi'!DA122 -> 0 | HQ16: ='Kafa Sayımı Veri Girişi'!DB122 -> 0 | HT16: ='Kafa Sayımı Veri Girişi'!DE122 -> 0 | HU16: ='Kafa Sayımı Veri Girişi'!DF122 -> 0 | HV16: ='Kafa Sayımı Veri Girişi'!DG122 -> 0 | HW16: ='Kafa Sayımı Veri Girişi'!DH122 -> 0 | HX16: ='Kafa Sayımı Veri Girişi'!DI122 -> 0 | IA16: ='Kafa Sayımı Veri Girişi'!DL122 -> 0 | IB16: ='Kafa Sayımı Veri Girişi'!DM122 -> 0 | IC16: ='Kafa Sayımı Veri Girişi'!DN122 -> 0 | ID16: ='Kafa Sayımı Veri Girişi'!DO122 -> 0 | IE16: ='Kafa Sayımı Veri Girişi'!DP122 -> 0 | IH16: ='Kafa Sayımı Veri Girişi'!DS122 -> 0 | II16: ='Kafa Sayımı Veri Girişi'!DT122 -> 0 | IJ16: ='Kafa Sayımı Veri Girişi'!DU122 -> 0 | IK16: ='Kafa Sayımı Veri Girişi'!DV122 -> 0 | IL16: ='Kafa Sayımı Veri Girişi'!DW122 -> 0 | IO16: ='Kafa Sayımı Veri Girişi'!DZ122 -> 0 | IP16: ='Kafa Sayımı Veri Girişi'!EA122 -> 0 | IQ16: ='Kafa Sayımı Veri Girişi'!EB122 -> 0 | IR16: ='Kafa Sayımı Veri Girişi'!EC122 -> 0 | IS16: ='Kafa Sayımı Veri Girişi'!ED122 -> 0 | IV16: ='Kafa Sayımı Veri Girişi'!EG122 -> 0 | IW16: ='Kafa Sayımı Veri Girişi'!EH122 -> 0 | IX16: ='Kafa Sayımı Veri Girişi'!EI122 -> 0 | IY16: ='Kafa Sayımı Veri Girişi'!EJ122 -> 0 | IZ16: ='Kafa Sayımı Veri Girişi'!EK122 -> 0 | JC16: ='Kafa Sayımı Veri Girişi'!EN122 -> 0 | JD16: ='Kafa Sayımı Veri Girişi'!EO122 -> 0 | JE16: ='Kafa Sayımı Veri Girişi'!EP122 -> 0 | JF16: ='Kafa Sayımı Veri Girişi'!EQ122 -> 0 | JG16: ='Kafa Sayımı Veri Girişi'!ER122 -> 0 | JJ16: ='Kafa Sayımı Veri Girişi'!EU122 -> 0 | JK16: ='Kafa Sayımı Veri Girişi'!EV122 -> 0 | JL16: ='Kafa Sayımı Veri Girişi'!EW122 -> 0 | JM16: ='Kafa Sayımı Veri Girişi'!EX122 -> 0 | JN16: ='Kafa Sayımı Veri Girişi'!EY122 -> 0 | JQ16: ='Kafa Sayımı Veri Girişi'!FB122 -> 0 | JR16: ='Kafa Sayımı Veri Girişi'!FC122 -> 0 | JS16: ='Kafa Sayımı Veri Girişi'!FD122 -> 0 | JT16: ='Kafa Sayımı Veri Girişi'!FE122 -> 0 | JU16: ='Kafa Sayımı Veri Girişi'!FF122 -> 0 | JX16: ='Kafa Sayımı Veri Girişi'!FI122 -> 0 | JY16: ='Kafa Sayımı Veri Girişi'!FJ122 -> 0 | JZ16: ='Kafa Sayımı Veri Girişi'!FK122 -> 0 | KA16: ='Kafa Sayımı Veri Girişi'!FL122 -> 0 | KB16: ='Kafa Sayımı Veri Girişi'!FM122 -> 0 | KE16: ='Kafa Sayımı Veri Girişi'!FP122 -> 0 | KF16: ='Kafa Sayımı Veri Girişi'!FQ122 -> 0 | KG16: ='Kafa Sayımı Veri Girişi'!FR122 -> 0 | KH16: ='Kafa Sayımı Veri Girişi'!FS122 -> 0 | KI16: ='Kafa Sayımı Veri Girişi'!FT122 -> 0 | KL16: ='Kafa Sayımı Veri Girişi'!FW122 -> 0 | KM16: ='Kafa Sayımı Veri Girişi'!FX122 -> 0 | KN16: ='Kafa Sayımı Veri Girişi'!FY122 -> 0 | KO16: ='Kafa Sayımı Veri Girişi'!FZ122 -> 0 | KP16: ='Kafa Sayımı Veri Girişi'!GA122 -> 0 | KS16: ='Kafa Sayımı Veri Girişi'!GD122 -> 0 | KT16: ='Kafa Sayımı Veri Girişi'!GE122 -> 0 | KU16: ='Kafa Sayımı Veri Girişi'!GF122 -> 0 | KV16: ='Kafa Sayımı Veri Girişi'!GG122 -> 0 | KW16: ='Kafa Sayımı Veri Girişi'!GH122 -> 0 | KZ16: ='Kafa Sayımı Veri Girişi'!GK122 -> 0 | LA16: ='Kafa Sayımı Veri Girişi'!GL122 -> 0 | LB16: ='Kafa Sayımı Veri Girişi'!GM122 -> 0 | LC16: ='Kafa Sayımı Veri Girişi'!GN122 -> 0 | LD16: ='Kafa Sayımı Veri Girişi'!GO122 -> 0 | LG16: ='Kafa Sayımı Veri Girişi'!GR122 -> 0 | LH16: ='Kafa Sayımı Veri Girişi'!GS122 -> 0 | LI16: ='Kafa Sayımı Veri Girişi'!GT122 -> 0 | LJ16: ='Kafa Sayımı Veri Girişi'!GU122 -> 0 | LK16: ='Kafa Sayımı Veri Girişi'!GV122 -> 0 | LN16: ='Kafa Sayımı Veri Girişi'!GY122 -> 0 | LO16: ='Kafa Sayımı Veri Girişi'!GZ122 -> 0 | LP16: ='Kafa Sayımı Veri Girişi'!HA122 -> 0 | LQ16: ='Kafa Sayımı Veri Girişi'!HB122 -> 0 | LR16: ='Kafa Sayımı Veri Girişi'!HC122 -> 0 | LU16: ='Kafa Sayımı Veri Girişi'!HF122 -> 0 | LV16: ='Kafa Sayımı Veri Girişi'!HG122 -> 0 | LW16: ='Kafa Sayımı Veri Girişi'!HH122 -> 0 | LX16: ='Kafa Sayımı Veri Girişi'!HI122 -> 0 | LY16: ='Kafa Sayımı Veri Girişi'!HJ122 -> 0 | MB16: ='Kafa Sayımı Veri Girişi'!HM122 -> 0 | MC16: ='Kafa Sayımı Veri Girişi'!HN122 -> 0 | MD16: ='Kafa Sayımı Veri Girişi'!HO122 -> 0 | ME16: ='Kafa Sayımı Veri Girişi'!HP122 -> 0 | MF16: ='Kafa Sayımı Veri Girişi'!HQ122 -> 0 | MI16: ='Kafa Sayımı Veri Girişi'!HT122 -> 0 | MJ16: ='Kafa Sayımı Veri Girişi'!HU122 -> 0 | MK16: ='Kafa Sayımı Veri Girişi'!HV122 -> 0 | ML16: ='Kafa Sayımı Veri Girişi'!HW122 -> 0 | MM16: ='Kafa Sayımı Veri Girişi'!HX122 -> 0 | MP16: ='Kafa Sayımı Veri Girişi'!IA122 -> 0 | MQ16: ='Kafa Sayımı Veri Girişi'!IB122 -> 0 | MR16: ='Kafa Sayımı Veri Girişi'!IC122 -> 0 | MS16: ='Kafa Sayımı Veri Girişi'!ID122 -> 0 | MT16: ='Kafa Sayımı Veri Girişi'!IE122 -> 0 | MW16: ='Kafa Sayımı Veri Girişi'!IH122 -> 0 | MX16: ='Kafa Sayımı Veri Girişi'!II122 -> 0 | MY16: ='Kafa Sayımı Veri Girişi'!IJ122 -> 0 | MZ16: ='Kafa Sayımı Veri Girişi'!IK122 -> 0 | NA16: ='Kafa Sayımı Veri Girişi'!IL122 -> 0 | ND16: ='Kafa Sayımı Veri Girişi'!IO122 -> 0 | NE16: =SUM(D16:ND16) -> 0
C17: 0.66666667 | D17: ='Kafa Sayımı Veri Girişi'!D139 -> 0 | E17: ='Kafa Sayımı Veri Girişi'!E139 -> 0 | F17: ='Kafa Sayımı Veri Girişi'!F139 -> 0 | G17: ='Kafa Sayımı Veri Girişi'!G139 -> 0 | H17: ='Kafa Sayımı Veri Girişi'!H139 -> 0 | K17: ='Kafa Sayımı Veri Girişi'!K139 -> 0 | L17: ='Kafa Sayımı Veri Girişi'!L139 -> 0 | M17: ='Kafa Sayımı Veri Girişi'!M139 -> 0 | N17: ='Kafa Sayımı Veri Girişi'!N139 -> 0 | O17: ='Kafa Sayımı Veri Girişi'!O139 -> 0 | R17: ='Kafa Sayımı Veri Girişi'!R139 -> 0 | S17: ='Kafa Sayımı Veri Girişi'!S139 -> 0 | T17: ='Kafa Sayımı Veri Girişi'!T139 -> 0 | U17: ='Kafa Sayımı Veri Girişi'!U139 -> 0 | V17: ='Kafa Sayımı Veri Girişi'!V139 -> 0 | Y17: ='Kafa Sayımı Veri Girişi'!Y139 -> 0 | Z17: ='Kafa Sayımı Veri Girişi'!Z139 -> 0 | AA17: ='Kafa Sayımı Veri Girişi'!AA139 -> 0 | AB17: ='Kafa Sayımı Veri Girişi'!AB139 -> 0 | AC17: ='Kafa Sayımı Veri Girişi'!AC139 -> 0 | AF17: ='Kafa Sayımı Veri Girişi'!AF139 -> 0 | AG17: ='Kafa Sayımı Veri Girişi'!AG139 -> 0 | AH17: ='Kafa Sayımı Veri Girişi'!AH139 -> 0 | AI17: ='Kafa Sayımı Veri Girişi'!AI139 -> 0 | AJ17: ='Kafa Sayımı Veri Girişi'!AJ139 -> 0 | AM17: ='Kafa Sayımı Veri Girişi'!AM139 -> 0 | AN17: ='Kafa Sayımı Veri Girişi'!AN139 -> 0 | AO17: ='Kafa Sayımı Veri Girişi'!AO139 -> 0 | AP17: ='Kafa Sayımı Veri Girişi'!AP139 -> 0 | AQ17: ='Kafa Sayımı Veri Girişi'!AQ139 -> 0 | AT17: ='Kafa Sayımı Veri Girişi'!AT139 -> 0 | AU17: ='Kafa Sayımı Veri Girişi'!AU139 -> 0 | AV17: ='Kafa Sayımı Veri Girişi'!AV139 -> 0 | AW17: ='Kafa Sayımı Veri Girişi'!AW139 -> 0 | AX17: ='Kafa Sayımı Veri Girişi'!AX139 -> 0 | BA17: ='Kafa Sayımı Veri Girişi'!BA139 -> 0 | BB17: ='Kafa Sayımı Veri Girişi'!BB139 -> 0 | BC17: ='Kafa Sayımı Veri Girişi'!BC139 -> 0 | BD17: ='Kafa Sayımı Veri Girişi'!BD139 -> 0 | BE17: ='Kafa Sayımı Veri Girişi'!BE139 -> 0 | BH17: ='Kafa Sayımı Veri Girişi'!BH139 -> 0 | BI17: ='Kafa Sayımı Veri Girişi'!BI139 -> 0 | BJ17: ='Kafa Sayımı Veri Girişi'!BJ139 -> 0 | BK17: ='Kafa Sayımı Veri Girişi'!BK139 -> 0 | BL17: ='Kafa Sayımı Veri Girişi'!BL139 -> 0 | BO17: ='Kafa Sayımı Veri Girişi'!BO139 -> 0 | BP17: ='Kafa Sayımı Veri Girişi'!BP139 -> 0 | BQ17: ='Kafa Sayımı Veri Girişi'!BQ139 -> 0 | BR17: ='Kafa Sayımı Veri Girişi'!BR139 -> 0 | BS17: ='Kafa Sayımı Veri Girişi'!BS139 -> 0 | BV17: ='Kafa Sayımı Veri Girişi'!BV139 -> 0 | BW17: ='Kafa Sayımı Veri Girişi'!BW139 -> 0 | BX17: ='Kafa Sayımı Veri Girişi'!BX139 -> 0 | BY17: ='Kafa Sayımı Veri Girişi'!BY139 -> 0 | BZ17: ='Kafa Sayımı Veri Girişi'!BZ139 -> 0 | CC17: ='Kafa Sayımı Veri Girişi'!CC139 -> 0 | CD17: ='Kafa Sayımı Veri Girişi'!CD139 -> 0 | CE17: ='Kafa Sayımı Veri Girişi'!CE139 -> 0 | CF17: ='Kafa Sayımı Veri Girişi'!CF139 -> 0 | CG17: ='Kafa Sayımı Veri Girişi'!CG139 -> 0 | CJ17: ='Kafa Sayımı Veri Girişi'!CJ139 -> 0 | CK17: ='Kafa Sayımı Veri Girişi'!CK139 -> 0 | CL17: ='Kafa Sayımı Veri Girişi'!CL139 -> 0 | CM17: ='Kafa Sayımı Veri Girişi'!CM139 -> 0 | CN17: ='Kafa Sayımı Veri Girişi'!CN139 -> 0 | CQ17: ='Kafa Sayımı Veri Girişi'!CQ139 -> 0 | CR17: ='Kafa Sayımı Veri Girişi'!CR139 -> 0 | CS17: ='Kafa Sayımı Veri Girişi'!CS139 -> 0 | CT17: ='Kafa Sayımı Veri Girişi'!CT139 -> 0 | CU17: ='Kafa Sayımı Veri Girişi'!CU139 -> 0 | CX17: ='Kafa Sayımı Veri Girişi'!CX139 -> 0 | CY17: ='Kafa Sayımı Veri Girişi'!CY139 -> 0 | CZ17: ='Kafa Sayımı Veri Girişi'!CZ139 -> 0 | DA17: ='Kafa Sayımı Veri Girişi'!DA139 -> 0 | DB17: ='Kafa Sayımı Veri Girişi'!DB139 -> 0 | DE17: ='Kafa Sayımı Veri Girişi'!DE139 -> 0 | DF17: ='Kafa Sayımı Veri Girişi'!DF139 -> 0 | DG17: ='Kafa Sayımı Veri Girişi'!DG139 -> 0 | DH17: ='Kafa Sayımı Veri Girişi'!DH139 -> 0 | DI17: ='Kafa Sayımı Veri Girişi'!DI139 -> 0 | DL17: ='Kafa Sayımı Veri Girişi'!DL139 -> 0 | DM17: ='Kafa Sayımı Veri Girişi'!DM139 -> 0 | DN17: ='Kafa Sayımı Veri Girişi'!DN139 -> 0 | DO17: ='Kafa Sayımı Veri Girişi'!DO139 -> 0 | DP17: ='Kafa Sayımı Veri Girişi'!DP139 -> 0 | DS17: ='Kafa Sayımı Veri Girişi'!DS139 -> 0 | DT17: ='Kafa Sayımı Veri Girişi'!DT139 -> 0 | DU17: ='Kafa Sayımı Veri Girişi'!DU139 -> 0 | DV17: ='Kafa Sayımı Veri Girişi'!DV139 -> 0 | DW17: ='Kafa Sayımı Veri Girişi'!DW139 -> 0 | DZ17: ='Kafa Sayımı Veri Girişi'!DZ139 -> 0 | EA17: ='Kafa Sayımı Veri Girişi'!EA139 -> 0 | EB17: ='Kafa Sayımı Veri Girişi'!EB139 -> 0 | EC17: ='Kafa Sayımı Veri Girişi'!EC139 -> 0 | ED17: ='Kafa Sayımı Veri Girişi'!ED139 -> 0 | EG17: ='Kafa Sayımı Veri Girişi'!EG139 -> 0 | EH17: ='Kafa Sayımı Veri Girişi'!EH139 -> 0 | EI17: ='Kafa Sayımı Veri Girişi'!EI139 -> 0 | EJ17: ='Kafa Sayımı Veri Girişi'!EJ139 -> 0 | EK17: ='Kafa Sayımı Veri Girişi'!EK139 -> 0 | EN17: ='Kafa Sayımı Veri Girişi'!EN139 -> 0 | EO17: ='Kafa Sayımı Veri Girişi'!EO139 -> 0 | EP17: ='Kafa Sayımı Veri Girişi'!EP139 -> 0 | EQ17: ='Kafa Sayımı Veri Girişi'!EQ139 -> 0 | ER17: ='Kafa Sayımı Veri Girişi'!ER139 -> 0 | EU17: ='Kafa Sayımı Veri Girişi'!EU139 -> 0 | EV17: ='Kafa Sayımı Veri Girişi'!EV139 -> 0 | EW17: ='Kafa Sayımı Veri Girişi'!EW139 -> 0 | EX17: ='Kafa Sayımı Veri Girişi'!EX139 -> 0 | EY17: ='Kafa Sayımı Veri Girişi'!EY139 -> 0 | FB17: ='Kafa Sayımı Veri Girişi'!FB139 -> 0 | FC17: ='Kafa Sayımı Veri Girişi'!FC139 -> 0 | FD17: ='Kafa Sayımı Veri Girişi'!FD139 -> 0 | FE17: ='Kafa Sayımı Veri Girişi'!FE139 -> 0 | FF17: ='Kafa Sayımı Veri Girişi'!FF139 -> 0 | FI17: ='Kafa Sayımı Veri Girişi'!FI139 -> 0 | FJ17: ='Kafa Sayımı Veri Girişi'!FJ139 -> 0 | FK17: ='Kafa Sayımı Veri Girişi'!FK139 -> 0 | FL17: ='Kafa Sayımı Veri Girişi'!FL139 -> 0 | FM17: ='Kafa Sayımı Veri Girişi'!FM139 -> 0 | FP17: ='Kafa Sayımı Veri Girişi'!FP139 -> 0 | FQ17: ='Kafa Sayımı Veri Girişi'!FQ139 -> 0 | FR17: ='Kafa Sayımı Veri Girişi'!FR139 -> 0 | FS17: ='Kafa Sayımı Veri Girişi'!FS139 -> 0 | FT17: ='Kafa Sayımı Veri Girişi'!FT139 -> 0 | FW17: ='Kafa Sayımı Veri Girişi'!FW139 -> 0 | FX17: ='Kafa Sayımı Veri Girişi'!FX139 -> 0 | FY17: ='Kafa Sayımı Veri Girişi'!FY139 -> 0 | FZ17: ='Kafa Sayımı Veri Girişi'!FZ139 -> 0 | GA17: ='Kafa Sayımı Veri Girişi'!GA139 -> 0 | GD17: ='Kafa Sayımı Veri Girişi'!GD139 -> 0 | GE17: ='Kafa Sayımı Veri Girişi'!GE139 -> 0 | GF17: ='Kafa Sayımı Veri Girişi'!GF139 -> 0 | GG17: ='Kafa Sayımı Veri Girişi'!GG139 -> 0 | GH17: ='Kafa Sayımı Veri Girişi'!GH139 -> 0 | GK17: ='Kafa Sayımı Veri Girişi'!GK139 -> 0 | GL17: ='Kafa Sayımı Veri Girişi'!GL139 -> 0 | GM17: ='Kafa Sayımı Veri Girişi'!GM139 -> 0 | GN17: ='Kafa Sayımı Veri Girişi'!GN139 -> 0 | GO17: ='Kafa Sayımı Veri Girişi'!GO139 -> 0 | GR17: ='Kafa Sayımı Veri Girişi'!GR139 -> 0 | GS17: ='Kafa Sayımı Veri Girişi'!GS139 -> 0 | GT17: ='Kafa Sayımı Veri Girişi'!GT139 -> 0 | GU17: ='Kafa Sayımı Veri Girişi'!GU139 -> 0 | GV17: ='Kafa Sayımı Veri Girişi'!GV139 -> 0 | GY17: ='Kafa Sayımı Veri Girişi'!CJ139 -> 0 | GZ17: ='Kafa Sayımı Veri Girişi'!CK139 -> 0 | HA17: ='Kafa Sayımı Veri Girişi'!CL139 -> 0 | HB17: ='Kafa Sayımı Veri Girişi'!CM139 -> 0 | HC17: ='Kafa Sayımı Veri Girişi'!CN139 -> 0 | HF17: ='Kafa Sayımı Veri Girişi'!CQ139 -> 0 | HG17: ='Kafa Sayımı Veri Girişi'!CR139 -> 0 | HH17: ='Kafa Sayımı Veri Girişi'!CS139 -> 0 | HI17: ='Kafa Sayımı Veri Girişi'!CT139 -> 0 | HJ17: ='Kafa Sayımı Veri Girişi'!CU139 -> 0 | HM17: ='Kafa Sayımı Veri Girişi'!CX139 -> 0 | HN17: ='Kafa Sayımı Veri Girişi'!CY139 -> 0 | HO17: ='Kafa Sayımı Veri Girişi'!CZ139 -> 0 | HP17: ='Kafa Sayımı Veri Girişi'!DA139 -> 0 | HQ17: ='Kafa Sayımı Veri Girişi'!DB139 -> 0 | HT17: ='Kafa Sayımı Veri Girişi'!DE139 -> 0 | HU17: ='Kafa Sayımı Veri Girişi'!DF139 -> 0 | HV17: ='Kafa Sayımı Veri Girişi'!DG139 -> 0 | HW17: ='Kafa Sayımı Veri Girişi'!DH139 -> 0 | HX17: ='Kafa Sayımı Veri Girişi'!DI139 -> 0 | IA17: ='Kafa Sayımı Veri Girişi'!DL139 -> 0 | IB17: ='Kafa Sayımı Veri Girişi'!DM139 -> 0 | IC17: ='Kafa Sayımı Veri Girişi'!DN139 -> 0 | ID17: ='Kafa Sayımı Veri Girişi'!DO139 -> 0 | IE17: ='Kafa Sayımı Veri Girişi'!DP139 -> 0 | IH17: ='Kafa Sayımı Veri Girişi'!DS139 -> 0 | II17: ='Kafa Sayımı Veri Girişi'!DT139 -> 0 | IJ17: ='Kafa Sayımı Veri Girişi'!DU139 -> 0 | IK17: ='Kafa Sayımı Veri Girişi'!DV139 -> 0 | IL17: ='Kafa Sayımı Veri Girişi'!DW139 -> 0 | IO17: ='Kafa Sayımı Veri Girişi'!DZ139 -> 0 | IP17: ='Kafa Sayımı Veri Girişi'!EA139 -> 0 | IQ17: ='Kafa Sayımı Veri Girişi'!EB139 -> 0 | IR17: ='Kafa Sayımı Veri Girişi'!EC139 -> 0 | IS17: ='Kafa Sayımı Veri Girişi'!ED139 -> 0 | IV17: ='Kafa Sayımı Veri Girişi'!EG139 -> 0 | IW17: ='Kafa Sayımı Veri Girişi'!EH139 -> 0 | IX17: ='Kafa Sayımı Veri Girişi'!EI139 -> 0 | IY17: ='Kafa Sayımı Veri Girişi'!EJ139 -> 0 | IZ17: ='Kafa Sayımı Veri Girişi'!EK139 -> 0 | JC17: ='Kafa Sayımı Veri Girişi'!EN139 -> 0 | JD17: ='Kafa Sayımı Veri Girişi'!EO139 -> 0 | JE17: ='Kafa Sayımı Veri Girişi'!EP139 -> 0 | JF17: ='Kafa Sayımı Veri Girişi'!EQ139 -> 0 | JG17: ='Kafa Sayımı Veri Girişi'!ER139 -> 0 | JJ17: ='Kafa Sayımı Veri Girişi'!EU139 -> 0 | JK17: ='Kafa Sayımı Veri Girişi'!EV139 -> 0 | JL17: ='Kafa Sayımı Veri Girişi'!EW139 -> 0 | JM17: ='Kafa Sayımı Veri Girişi'!EX139 -> 0 | JN17: ='Kafa Sayımı Veri Girişi'!EY139 -> 0 | JQ17: ='Kafa Sayımı Veri Girişi'!FB139 -> 0 | JR17: ='Kafa Sayımı Veri Girişi'!FC139 -> 0 | JS17: ='Kafa Sayımı Veri Girişi'!FD139 -> 0 | JT17: ='Kafa Sayımı Veri Girişi'!FE139 -> 0 | JU17: ='Kafa Sayımı Veri Girişi'!FF139 -> 0 | JX17: ='Kafa Sayımı Veri Girişi'!FI139 -> 0 | JY17: ='Kafa Sayımı Veri Girişi'!FJ139 -> 0 | JZ17: ='Kafa Sayımı Veri Girişi'!FK139 -> 0 | KA17: ='Kafa Sayımı Veri Girişi'!FL139 -> 0 | KB17: ='Kafa Sayımı Veri Girişi'!FM139 -> 0 | KE17: ='Kafa Sayımı Veri Girişi'!FP139 -> 0 | KF17: ='Kafa Sayımı Veri Girişi'!FQ139 -> 0 | KG17: ='Kafa Sayımı Veri Girişi'!FR139 -> 0 | KH17: ='Kafa Sayımı Veri Girişi'!FS139 -> 0 | KI17: ='Kafa Sayımı Veri Girişi'!FT139 -> 0 | KL17: ='Kafa Sayımı Veri Girişi'!FW139 -> 0 | KM17: ='Kafa Sayımı Veri Girişi'!FX139 -> 0 | KN17: ='Kafa Sayımı Veri Girişi'!FY139 -> 0 | KO17: ='Kafa Sayımı Veri Girişi'!FZ139 -> 0 | KP17: ='Kafa Sayımı Veri Girişi'!GA139 -> 0 | KS17: ='Kafa Sayımı Veri Girişi'!GD139 -> 0 | KT17: ='Kafa Sayımı Veri Girişi'!GE139 -> 0 | KU17: ='Kafa Sayımı Veri Girişi'!GF139 -> 0 | KV17: ='Kafa Sayımı Veri Girişi'!GG139 -> 0 | KW17: ='Kafa Sayımı Veri Girişi'!GH139 -> 0 | KZ17: ='Kafa Sayımı Veri Girişi'!GK139 -> 0 | LA17: ='Kafa Sayımı Veri Girişi'!GL139 -> 0 | LB17: ='Kafa Sayımı Veri Girişi'!GM139 -> 0 | LC17: ='Kafa Sayımı Veri Girişi'!GN139 -> 0 | LD17: ='Kafa Sayımı Veri Girişi'!GO139 -> 0 | LG17: ='Kafa Sayımı Veri Girişi'!GR139 -> 0 | LH17: ='Kafa Sayımı Veri Girişi'!GS139 -> 0 | LI17: ='Kafa Sayımı Veri Girişi'!GT139 -> 0 | LJ17: ='Kafa Sayımı Veri Girişi'!GU139 -> 0 | LK17: ='Kafa Sayımı Veri Girişi'!GV139 -> 0 | LN17: ='Kafa Sayımı Veri Girişi'!GY139 -> 0 | LO17: ='Kafa Sayımı Veri Girişi'!GZ139 -> 0 | LP17: ='Kafa Sayımı Veri Girişi'!HA139 -> 0 | LQ17: ='Kafa Sayımı Veri Girişi'!HB139 -> 0 | LR17: ='Kafa Sayımı Veri Girişi'!HC139 -> 0 | LU17: ='Kafa Sayımı Veri Girişi'!HF139 -> 0 | LV17: ='Kafa Sayımı Veri Girişi'!HG139 -> 0 | LW17: ='Kafa Sayımı Veri Girişi'!HH139 -> 0 | LX17: ='Kafa Sayımı Veri Girişi'!HI139 -> 0 | LY17: ='Kafa Sayımı Veri Girişi'!HJ139 -> 0 | MB17: ='Kafa Sayımı Veri Girişi'!HM139 -> 0 | MC17: ='Kafa Sayımı Veri Girişi'!HN139 -> 0 | MD17: ='Kafa Sayımı Veri Girişi'!HO139 -> 0 | ME17: ='Kafa Sayımı Veri Girişi'!HP139 -> 0 | MF17: ='Kafa Sayımı Veri Girişi'!HQ139 -> 0 | MI17: ='Kafa Sayımı Veri Girişi'!HT139 -> 0 | MJ17: ='Kafa Sayımı Veri Girişi'!HU139 -> 0 | MK17: ='Kafa Sayımı Veri Girişi'!HV139 -> 0 | ML17: ='Kafa Sayımı Veri Girişi'!HW139 -> 0 | MM17: ='Kafa Sayımı Veri Girişi'!HX139 -> 0 | MP17: ='Kafa Sayımı Veri Girişi'!IA139 -> 0 | MQ17: ='Kafa Sayımı Veri Girişi'!IB139 -> 0 | MR17: ='Kafa Sayımı Veri Girişi'!IC139 -> 0 | MS17: ='Kafa Sayımı Veri Girişi'!ID139 -> 0 | MT17: ='Kafa Sayımı Veri Girişi'!IE139 -> 0 | MW17: ='Kafa Sayımı Veri Girişi'!IH139 -> 0 | MX17: ='Kafa Sayımı Veri Girişi'!II139 -> 0 | MY17: ='Kafa Sayımı Veri Girişi'!IJ139 -> 0 | MZ17: ='Kafa Sayımı Veri Girişi'!IK139 -> 0 | NA17: ='Kafa Sayımı Veri Girişi'!IL139 -> 0 | ND17: ='Kafa Sayımı Veri Girişi'!IO139 -> 0 | NE17: =SUM(D17:ND17) -> 0
C18: 0.70833333 | NE18: =SUM(D18:ND18) -> 0
C19: 0.75 | NE19: =SUM(D19:ND19) -> 0
C20: 0.79166667 | NE20: =SUM(D20:ND20) -> 0
C21: 0.83333333 | NE21: =SUM(D21:ND21) -> 0
C22: 0.875 | NE22: =SUM(D22:ND22) -> 0
C23: 0.91666667 | NE23: =SUM(D23:ND23) -> 0
C24: 0.95833333 | NE24: =SUM(D24:ND24) -> 0
C25: 1 | NE25: =SUM(D25:ND25) -> 0
C26: 1.0416667 | NE26: =SUM(D26:ND26) -> 0
C27: 1.0833333 | NE27: =SUM(D27:ND27) -> 0
C28: Genel Toplam: | D28: =SUM(D10:D27) -> 0 | E28: =SUM(E10:E27) -> 0 | F28: =SUM(F10:F27) -> 0 | G28: =SUM(G10:G27) -> 0 | H28: =SUM(H10:H27) -> 0 | I28: =SUM(I10:I27) -> 0 | J28: =SUM(J10:J27) -> 0 | K28: =SUM(K10:K27) -> 0 | ... ND28: =SUM(ND10:ND27) -> 0

Sheet Kafa Sayımı Veri Girişi
A1: KAFA SAYIMLARI VERİ GİRİŞİ
D2: PAZARTESİ | E2: SALI | F2: ÇARŞAMBA | G2: PERŞEMBE | H2: CUMA | I2: CUMARTESI | J2: PAZAR | K2: PAZARTESI | L2: SALI | M2: ÇARŞAMBA | N2: PERŞEMBE | O2: CUMA | P2: CUMARTESI | Q2: PAZAR | R2: PAZARTESI | S2: SALI | T2: ÇARŞAMBA | U2: PERŞEMBE | V2: CUMA | W2: CUMARTESI | X2: PAZAR | Y2: PAZARTESI | Z2: SALI | AA2: ÇARŞAMBA | AB2: PERŞEMBE | AC2: CUMA | AD2: CUMARTESI | AE2: PAZAR | AF2: PAZARTESI | AG2: SALI | AH2: ÇARŞAMBA | AI2: PERŞEMBE | AJ2: CUMA | AK2: CUMARTESI | AL2: PAZAR | AM2: PAZARTESI | AN2: SALI | AO2: ÇARŞAMBA | AP2: PERŞEMBE | AQ2: CUMA | AR2: CUMARTESI | AS2: PAZAR | AT2: PAZARTESI | AU2: SALI | AV2: ÇARŞAMBA | AW2: PERŞEMBE | AX2: CUMA | AY2: CUMARTESI | AZ2: PAZAR | BA2: PAZARTESI | BB2: SALI | BC2: ÇARŞAMBA | BD2: PERŞEMBE | BE2: CUMA | BF2: CUMARTESI | BG2: PAZAR | BH2: PAZARTESI | BI2: SALI | BJ2: ÇARŞAMBA | BK2: PERŞEMBE | BL2: CUMA | BM2: CUMARTESI | BN2: PAZAR | BO2: PAZARTESI | BP2: SALI | BQ2: ÇARŞAMBA | BR2: PERŞEMBE | BS2: CUMA | BT2: CUMARTESI | BU2: PAZAR | BV2: PAZARTESI | BW2: SALI | BX2: ÇARŞAMBA | BY2: PERŞEMBE | BZ2: CUMA | CA2: CUMARTESI | CB2: PAZAR | CC2: PAZARTESI | CD2: SALI | CE2: ÇARŞAMBA | CF2: PERŞEMBE | CG2: CUMA | CH2: CUMARTESI | CI2: PAZAR | CJ2: PAZARTESI | CK2: SALI | CL2: ÇARŞAMBA | CM2: PERŞEMBE | CN2: CUMA | CO2: CUMARTESI | CP2: PAZAR | CQ2: PAZARTESI | CR2: SALI | CS2: ÇARŞAMBA | CT2: PERŞEMBE | CU2: CUMA | CV2: CUMARTESI | CW2: PAZAR | CX2: PAZARTESI | CY2: SALI | CZ2: ÇARŞAMBA | DA2: PERŞEMBE | DB2: CUMA | DC2: CUMARTESI | DD2: PAZAR | DE2: PAZARTESI | DF2: SALI | DG2: ÇARŞAMBA | DH2: PERŞEMBE | DI2: CUMA | DJ2: CUMARTESI | DK2: PAZAR | DL2: PAZARTESI | DM2: SALI | DN2: ÇARŞAMBA | DO2: PERŞEMBE | DP2: CUMA | DQ2: CUMARTESI | DR2: PAZAR | DS2: PAZARTESI | DT2: SALI | DU2: ÇARŞAMBA | DV2: PERŞEMBE | DW2: CUMA | DX2: CUMARTESI | DY2: PAZAR | DZ2: PAZARTESI | EA2: SALI | EB2: ÇARŞAMBA | EC2: PERŞEMBE | ED2: CUMA | EE2: CUMARTESI | EF2: PAZAR | EG2: PAZARTESI | EH2: SALI | EI2: ÇARŞAMBA | EJ2: PERŞEMBE | EK2: CUMA | EL2: CUMARTESI | EM2: PAZAR | EN2: PAZARTESI | EO2: SALI | EP2: ÇARŞAMBA | EQ2: PERŞEMBE | ER2: CUMA | ES2: CUMARTESI | ET2: PAZAR | EU2: PAZARTESI | EV2: SALI | EW2: ÇARŞAMBA | EX2: PERŞEMBE | EY2: CUMA | EZ2: CUMARTESI | FA2: PAZAR | FB2: PAZARTESI | FC2: SALI | FD2: ÇARŞAMBA | FE2: PERŞEMBE | FF2: CUMA | FG2: CUMARTESI | FH2: PAZAR | FI2: PAZARTESI | FJ2: SALI | FK2: ÇARŞAMBA | FL2: PERŞEMBE | FM2: CUMA | FN2: CUMARTESI | FO2: PAZAR | FP2: PAZARTESI | FQ2: SALI | FR2: ÇARŞAMBA | FS2: PERŞEMBE | FT2: CUMA | FU2: CUMARTESI | FV2: PAZAR | FW2: PAZARTESI | FX2: SALI | FY2: ÇARŞAMBA | FZ2: PERŞEMBE | GA2: CUMA | GB2: CUMARTESI | GC2: PAZAR | GD2: PAZARTESI | GE2: SALI | GF2: ÇARŞAMBA | GG2: PERŞEMBE | GH2: CUMA | GI2: CUMARTESI | GJ2: PAZAR | GK2: PAZARTESI | GL2: SALI | GM2: ÇARŞAMBA | GN2: PERŞEMBE | GO2: CUMA | GP2: CUMARTESI | GQ2: PAZAR | GR2: PAZARTESI | GS2: SALI | GT2: ÇARŞAMBA | GU2: PERŞEMBE | GV2: CUMA | GW2: CUMARTESI | GX2: PAZAR | GY2: PAZARTESI | GZ2: SALI | HA2: ÇARŞAMBA | HB2: PERŞEMBE | HC2: CUMA | HD2: CUMARTESI | HE2: PAZAR | HF2: PAZARTESI | HG2: SALI | HH2: ÇARŞAMBA | HI2: PERŞEMBE | HJ2: CUMA | HK2: CUMARTESI | HL2: PAZAR | HM2: PAZARTESI | HN2: SALI | HO2: ÇARŞAMBA | HP2: PERŞEMBE | HQ2: CUMA | HR2: CUMARTESI | HS2: PAZAR | HT2: PAZARTESI | HU2: SALI | HV2: ÇARŞAMBA | HW2: PERŞEMBE | HX2: CUMA | HY2: CUMARTESI | HZ2: PAZAR | IA2: PAZARTESI | IB2: SALI | IC2: ÇARŞAMBA | ID2: PERŞEMBE | IE2: CUMA | IF2: CUMARTESI | IG2: PAZAR | IH2: PAZARTESI | II2: SALI | IJ2: ÇARŞAMBA | IK2: PERŞEMBE | IL2: CUMA | IM2: CUMARTESI | IN2: PAZAR | IO2: PAZARTESI | IP2: SALI | IQ2: ÇARŞAMBA | IR2: PERŞEMBE | IS2: CUMA | IT2: CUMARTESI | IU2: PAZAR | IV2: PAZARTESI | IW2: SALI | IX2: ÇARŞAMBA | IY2: PERŞEMBE | IZ2: CUMA | JA2: CUMARTESI | JB2: PAZAR | JC2: PAZARTESI | JD2: SALI | JE2: ÇARŞAMBA | JF2: PERŞEMBE | JG2: CUMA | JH2: CUMARTESI | JI2: PAZAR | JJ2: PAZARTESI | JK2: SALI | JL2: ÇARŞAMBA | JM2: PERŞEMBE | JN2: CUMA | JO2: CUMARTESI | JP2: PAZAR | JQ2: PAZARTESI | JR2: SALI | JS2: ÇARŞAMBA | JT2: PERŞEMBE | JU2: CUMA | JV2: CUMARTESI | JW2: PAZAR | JX2: PAZARTESI | JY2: SALI | JZ2: ÇARŞAMBA | KA2: PERŞEMBE | KB2: CUMA | KC2: CUMARTESI | KD2: PAZAR | KE2: PAZARTESI | KF2: SALI | KG2: ÇARŞAMBA | KH2: PERŞEMBE | KI2: CUMA | KJ2: CUMARTESI | KK2: PAZAR | KL2: PAZARTESI | KM2: SALI | KN2: ÇARŞAMBA | KO2: PERŞEMBE | KP2: CUMA | KQ2: CUMARTESI | KR2: PAZAR | KS2: PAZARTESI | KT2: SALI | KU2: ÇARŞAMBA | KV2: PERŞEMBE | KW2: CUMA | KX2: CUMARTESI | KY2: PAZAR | KZ2: PAZARTESI | LA2: SALI | LB2: ÇARŞAMBA | LC2: PERŞEMBE | LD2: CUMA | LE2: CUMARTESI | LF2: PAZAR | LG2: PAZARTESI | LH2: SALI | LI2: ÇARŞAMBA | LJ2: PERŞEMBE | LK2: CUMA | LL2: CUMARTESI | LM2: PAZAR | LN2: PAZARTESI | LO2: SALI | LP2: ÇARŞAMBA | LQ2: PERŞEMBE | LR2: CUMA | LS2: CUMARTESI | LT2: PAZAR | LU2: PAZARTESI | LV2: SALI | LW2: ÇARŞAMBA | LX2: PERŞEMBE | LY2: CUMA | LZ2: CUMARTESI | MA2: PAZAR | MB2: PAZARTESI | MC2: SALI | MD2: ÇARŞAMBA | ME2: PERŞEMBE | MF2: CUMA | MG2: CUMARTESI | MH2: PAZAR | MI2: PAZARTESI | MJ2: SALI | MK2: ÇARŞAMBA | ML2: PERŞEMBE | MM2: CUMA | MN2: CUMARTESI | MO2: PAZAR | MP2: PAZARTESI | MQ2: SALI | MR2: ÇARŞAMBA | MS2: PERŞEMBE | MT2: CUMA | MU2: CUMARTESI | MV2: PAZAR | MW2: PAZARTESI | MX2: SALI | MY2: ÇARŞAMBA | MZ2: PERŞEMBE | NA2: CUMA | NB2: CUMARTESI | NC2: PAZAR | ND2: PAZARTESI
D3: 40910 | E3: 40911 | F3: 40912 | G3: 40913 | H3: 40914 | I3: 40915 | J3: 40916 | K3: 40917 | L3: 40918 | M3: 40919 | N3: 40920 | O3: 40921 | P3: 40922 | Q3: 40923 | R3: 40924 | S3: 40925 | T3: 40926 | U3: 40927 | V3: 40928 | W3: 40929 | X3: 40930 | Y3: 40931 | Z3: 40932 | AA3: 40933 | AB3: 40934 | AC3: 40935 | AD3: 40936 | AE3: 40937 | AF3: 40938 | AG3: 40939 | AH3: 40940 | AI3: 40941 | AJ3: 40942 | AK3: 40943 | AL3: 40944 | AM3: 40945 | AN3: 40946 | AO3: 40947 | AP3: 40948 | AQ3: 40949 | AR3: 40950 | AS3: 40951 | AT3: 40952 | AU3: 40953 | AV3: 40954 | AW3: 40955 | AX3: 40956 | AY3: 40957 | AZ3: 40958 | BA3: 40959 | BB3: 40960 | BC3: 40961 | BD3: 40962 | BE3: 40963 | BF3: 40964 | BG3: 40965 | BH3: 40966 | BI3: 40967 | BJ3: 40968 | BK3: 40969 | BL3: 40970 | BM3: 40971 | BN3: 40972 | BO3: 40973 | BP3: 40974 | BQ3: 40975 | BR3: 40976 | BS3: 40977 | BT3: 40978 | BU3: 40979 | BV3: 40980 | BW3: 40981 | BX3: 40982 | BY3: 40983 | BZ3: 40984 | CA3: 40985 | CB3: 40986 | CC3: 40987 | CD3: 40988 | CE3: 40989 | CF3: 40990 | CG3: 40991 | CH3: 40992 | CI3: 40993 | CJ3: 40994 | CK3: 40995 | CL3: 40996 | CM3: 40997 | CN3: 40998 | CO3: 40999 | CP3: 41000 | CQ3: 41001 | CR3: 41002 | CS3: 41003 | CT3: 41004 | CU3: 41005 | CV3: 41006 | CW3: 41007 | CX3: 41008 | CY3: 41009 | CZ3: 41010 | DA3: 41011 | DB3: 41012 | DC3: 41013 | DD3: 41014 | DE3: 41015 | DF3: 41016 | DG3: 41017 | DH3: 41018 | DI3: 41019 | DJ3: 41020 | DK3: 41021 | DL3: 41022 | DM3: 41023 | DN3: 41024 | DO3: 41025 | DP3: 41026 | DQ3: 41027 | DR3: 41028 | DS3: 41029 | DT3: 41030 | DU3: 41031 | DV3: 41032 | DW3: 41033 | DX3: 41034 | DY3: 41035 | DZ3: 41036 | EA3: 41037 | EB3: 41038 | EC3: 41039 | ED3: 41040 | EE3: 41041 | EF3: 41042 | EG3: 41043 | EH3: 41044 | EI3: 41045 | EJ3: 41046 | EK3: 41047 | EL3: 41048 | EM3: 41049 | EN3: 41050 | EO3: 41051 | EP3: 41052 | EQ3: 41053 | ER3: 41054 | ES3: 41055 | ET3: 41056 | EU3: 41057 | EV3: 41058 | EW3: 41059 | EX3: 41060 | EY3: 41061 | EZ3: 41062 | FA3: 41063 | FB3: 41064 | FC3: 41065 | FD3: 41066 | FE3: 41067 | FF3: 41068 | FG3: 41069 | FH3: 41070 | FI3: 41071 | FJ3: 41072 | FK3: 41073 | FL3: 41074 | FM3: 41075 | FN3: 41076 | FO3: 41077 | FP3: 41078 | FQ3: 41079 | FR3: 41080 | FS3: 41081 | FT3: 41082 | FU3: 41083 | FV3: 41084 | FW3: 41085 | FX3: 41086 | FY3: 41087 | FZ3: 41088 | GA3: 41089 | GB3: 41090 | GC3: 41091 | GD3: 41092 | GE3: 41093 | GF3: 41094 | GG3: 41095 | GH3: 41096 | GI3: 41097 | GJ3: 41098 | GK3: 41099 | GL3: 41100 | GM3: 41101 | GN3: 41102 | GO3: 41103 | GP3: 41104 | GQ3: 41105 | GR3: 41106 | GS3: 41107 | GT3: 41108 | GU3: 41109 | GV3: 41110 | GW3: 41111 | GX3: 41112 | GY3: 41113 | GZ3: 41114 | HA3: 41115 | HB3: 41116 | HC3: 41117 | HD3: 41118 | HE3: 41119 | HF3: 41120 | HG3: 41121 | HH3: 41122 | HI3: 41123 | HJ3: 41124 | HK3: 41125 | HL3: 41126 | HM3: 41127 | HN3: 41128 | HO3: 41129 | HP3: 41130 | HQ3: 41131 | HR3: 41132 | HS3: 41133 | HT3: 41134 | HU3: 41135 | HV3: 41136 | HW3: 41137 | HX3: 41138 | HY3: 41139 | HZ3: 41140 | IA3: 41141 | IB3: 41142 | IC3: 41143 | ID3: 41144 | IE3: 41145 | IF3: 41146 | IG3: 41147 | IH3: 41148 | II3: 41149 | IJ3: 41150 | IK3: 41151 | IL3: 41152 | IM3: 41153 | IN3: 41154 | IO3: 41155 | IP3: 41156 | IQ3: 41157 | IR3: 41158 | IS3: 41159 | IT3: 41160 | IU3: 41161 | IV3: 41162 | IW3: 41163 | IX3: 41164 | IY3: 41165 | IZ3: 41166 | JA3: 41167 | JB3: 41168 | JC3: 41169 | JD3: 41170 | JE3: 41171 | JF3: 41172 | JG3: 41173 | JH3: 41174 | JI3: 41175 | JJ3: 41176 | JK3: 41177 | JL3: 41178 | JM3: 41179 | JN3: 41180 | JO3: 41181 | JP3: 41182 | JQ3: 41183 | JR3: 41184 | JS3: 41185 | JT3: 41186 | JU3: 41187 | JV3: 41188 | JW3: 41189 | JX3: 41190 | JY3: 41191 | JZ3: 41192 | KA3: 41193 | KB3: 41194 | KC3: 41195 | KD3: 41196 | KE3: 41197 | KF3: 41198 | KG3: 41199 | KH3: 41200 | KI3: 41201 | KJ3: 41202 | KK3: 41203 | KL3: 41204 | KM3: 41205 | KN3: 41206 | KO3: 41207 | KP3: 41208 | KQ3: 41209 | KR3: 41210 | KS3: 41211 | KT3: 41212 | KU3: 41213 | KV3: 41214 | KW3: 41215 | KX3: 41216 | KY3: 41217 | KZ3: 41218 | LA3: 41219 | LB3: 41220 | LC3: 41221 | LD3: 41222 | LE3: 41223 | LF3: 41224 | LG3: 41225 | LH3: 41226 | LI3: 41227 | LJ3: 41228 | LK3: 41229 | LL3: 41230 | LM3: 41231 | LN3: 41232 | LO3: 41233 | LP3: 41234 | LQ3: 41235 | LR3: 41236 | LS3: 41237 | LT3: 41238 | LU3: 41239 | LV3: 41240 | LW3: 41241 | LX3: 41242 | LY3: 41243 | LZ3: 41244 | MA3: 41245 | MB3: 41246 | MC3: 41247 | MD3: 41248 | ME3: 41249 | MF3: 41250 | MG3: 41251 | MH3: 41252 | MI3: 41253 | MJ3: 41254 | MK3: 41255 | ML3: 41256 | MM3: 41257 | MN3: 41258 | MO3: 41259 | MP3: 41260 | MQ3: 41261 | MR3: 41262 | MS3: 41263 | MT3: 41264 | MU3: 41265 | MV3: 41266 | MW3: 41267 | MX3: 41268 | MY3: 41269 | MZ3: 41270 | NA3: 41271 | NB3: 41272 | NC3: 41273 | ND3: 41274
A4: 0.375 | B4: Zemin Kat | C4: Masada
C5: Ayakta
C6: Rafta
C7: Termi.
C8: Ara Toplam
B9: Birinci Kat | C9: Masada
C10: Ayakta
C11: Rafta
C12: Termi.
C13: Okuma Salonu
C14: Ara Toplam
B15: İkinci Kat | C15: Masada
C16: Ayakta
C17: Rafta
C18: Termi.
C19: Ara Toplam
B20: Genel Toplam | D20: =SUM(D4:D19) -> 0 | E20: =SUM(E4:E19) -> 0 | F20: =SUM(F4:F19) -> 0 | G20: =SUM(G4:G19) -> 0 | H20: =SUM(H4:H19) -> 0 | K20: =SUM(K4:K19) -> 0 | L20: =SUM(L4:L19) -> 0 | M20: =SUM(M4:M19) -> 0 | N20: =SUM(N4:N19) -> 0 | O20: =SUM(O4:O19) -> 0 | R20: =SUM(R4:R19) -> 0 | S20: =SUM(S4:S19) -> 0 | T20: =SUM(T4:T19) -> 0 | U20: =SUM(U4:U19) -> 0 | V20: =SUM(V4:V19) -> 0 | Y20: =SUM(Y4:Y19) -> 0 | Z20: =SUM(Z4:Z19) -> 0 | AA20: =SUM(AA4:AA19) -> 0 | AB20: =SUM(AB4:AB19) -> 0 | AC20: =SUM(AC4:AC19) -> 0 | AF20: =SUM(AF4:AF19) -> 0 | AG20: =SUM(AG4:AG19) -> 0 | AH20: =SUM(AH4:AH19) -> 0 | AI20: =SUM(AI4:AI19) -> 0 | AJ20: =SUM(AJ4:AJ19) -> 0 | AM20: =SUM(AM4:AM19) -> 0 | AN20: =SUM(AN4:AN19) -> 0 | AO20: =SUM(AO4:AO19) -> 0 | AP20: =SUM(AP4:AP19) -> 0 | AQ20: =SUM(AQ4:AQ19) -> 0 | AT20: =SUM(AT4:AT19) -> 0 | AU20: =SUM(AU4:AU19) -> 0 | AV20: =SUM(AV4:AV19) -> 0 | AW20: =SUM(AW4:AW19) -> 0 | AX20: =SUM(AX4:AX19) -> 0 | BA20: =SUM(BA4:BA19) -> 0 | BB20: =SUM(BB4:BB19) -> 0 | BC20: =SUM(BC4:BC19) -> 0 | BD20: =SUM(BD4:BD19) -> 0 | BE20: =SUM(BE4:BE19) -> 0 | BH20: =SUM(BH4:BH19) -> 0 | BI20: =SUM(BI4:BI19) -> 0 | BJ20: =SUM(BJ4:BJ19) -> 0 | BK20: =SUM(BK4:BK19) -> 0 | BL20: =SUM(BL4:BL19) -> 0 | BO20: =SUM(BO4:BO19) -> 0 | BP20: =SUM(BP4:BP19) -> 0 | BQ20: =SUM(BQ4:BQ19) -> 0 | BR20: =SUM(BR4:BR19) -> 0 | BS20: =SUM(BS4:BS19) -> 0 | BV20: =SUM(BV4:BV19) -> 0 | BW20: =SUM(BW4:BW19) -> 0 | BX20: =SUM(BX4:BX19) -> 0 | BY20: =SUM(BY4:BY19) -> 0 | BZ20: =SUM(BZ4:BZ19) -> 0 | CC20: =SUM(CC4:CC19) -> 0 | CD20: =SUM(CD4:CD19) -> 0 | CE20: =SUM(CE4:CE19) -> 0 | CF20: =SUM(CF4:CF19) -> 0 | CG20: =SUM(CG4:CG19) -> 0 | CJ20: =SUM(CJ4:CJ19) -> 0 | CK20: =SUM(CK4:CK19) -> 0 | CL20: =SUM(CL4:CL19) -> 0 | CM20: =SUM(CM4:CM19) -> 0 | CN20: =SUM(CN4:CN19) -> 0 | CQ20: =SUM(CQ4:CQ19) -> 0 | CR20: =SUM(CR4:CR19) -> 0 | CS20: =SUM(CS4:CS19) -> 0 | CT20: =SUM(CT4:CT19) -> 0 | CU20: =SUM(CU4:CU19) -> 0 | CX20: =SUM(CX4:CX19) -> 0 | CY20: =SUM(CY4:CY19) -> 0 | CZ20: =SUM(CZ4:CZ19) -> 0 | DA20: =SUM(DA4:DA19) -> 0 | DB20: =SUM(DB4:DB19) -> 0 | DE20: =SUM(DE4:DE19) -> 0 | DF20: =SUM(DF4:DF19) -> 0 | DG20: =SUM(DG4:DG19) -> 0 | DH20: =SUM(DH4:DH19) -> 0 | DI20: =SUM(DI4:DI19) -> 0 | DL20: =SUM(DL4:DL19) -> 0 | DM20: =SUM(DM4:DM19) -> 0 | DN20: =SUM(DN4:DN19) -> 0 | DO20: =SUM(DO4:DO19) -> 0 | DP20: =SUM(DP4:DP19) -> 0 | DS20: =SUM(DS4:DS19) -> 0 | DT20: =SUM(DT4:DT19) -> 0 | DU20: =SUM(DU4:DU19) -> 0 | DV20: =SUM(DV4:DV19) -> 0 | DW20: =SUM(DW4:DW19) -> 0 | DZ20: =SUM(DZ4:DZ19) -> 0 | EA20: =SUM(EA4:EA19) -> 0 | EB20: =SUM(EB4:EB19) -> 0 | EC20: =SUM(EC4:EC19) -> 0 | ED20: =SUM(ED4:ED19) -> 0 | EG20: =SUM(EG4:EG19) -> 0 | EH20: =SUM(EH4:EH19) -> 0 | EI20: =SUM(EI4:EI19) -> 0 | EJ20: =SUM(EJ4:EJ19) -> 0 | EK20: =SUM(EK4:EK19) -> 0 | EN20: =SUM(EN4:EN19) -> 0 | EO20: =SUM(EO4:EO19) -> 0 | EP20: =SUM(EP4:EP19) -> 0 | EQ20: =SUM(EQ4:EQ19) -> 0 | ER20: =SUM(ER4:ER19) -> 0 | EU20: =SUM(EU4:EU19) -> 0 | EV20: =SUM(EV4:EV19) -> 0 | EW20: =SUM(EW4:EW19) -> 0 | EX20: =SUM(EX4:EX19) -> 0 | EY20: =SUM(EY4:EY19) -> 0 | FB20: =SUM(FB4:FB19) -> 0 | FC20: =SUM(FC4:FC19) -> 0 | FD20: =SUM(FD4:FD19) -> 0 | FE20: =SUM(FE4:FE19) -> 0 | FF20: =SUM(FF4:FF19) -> 0 | FI20: =SUM(FI4:FI19) -> 0 | FJ20: =SUM(FJ4:FJ19) -> 0 | FK20: =SUM(FK4:FK19) -> 0 | FL20: =SUM(FL4:FL19) -> 0 | FM20: =SUM(FM4:FM19) -> 0 | FP20: =SUM(FP4:FP19) -> 0 | FQ20: =SUM(FQ4:FQ19) -> 0 | FR20: =SUM(FR4:FR19) -> 0 | FS20: =SUM(FS4:FS19) -> 0 | FT20: =SUM(FT4:FT19) -> 0 | FW20: =SUM(FW4:FW19) -> 0 | FX20: =SUM(FX4:FX19) -> 0 | FY20: =SUM(FY4:FY19) -> 0 | FZ20: =SUM(FZ4:FZ19) -> 0 | GA20: =SUM(GA4:GA19) -> 0 | GB20: =SUM(GB4:GB19) -> 0 | GC20: =SUM(GC4:GC19) -> 0 | GD20: =SUM(GD4:GD19) -> 0 | ... HI20: =SUM(HI4:HI19) -> 0 | HM20: =SUM(HM4:HM18) -> 0 | HN20: =SUM(HN4:HN18) -> 0 | HO20: =SUM(HO4:HO18) -> 0 | HP20: =SUM(HP4:HP18) -> 0 | HQ20: =SUM(HQ4:HQ18) -> 0 | HR20: =SUM(HR4:HR18) -> 0 | HS20: =SUM(HS4:HS18) -> 0 | HT20: =SUM(HT4:HT18) -> 0 | ... NA20: =SUM(NA4:NA18) -> 0
A21: 0.41666667 | B21: Zemin Kat | C21: Masada
C22: Ayakta
C23: Rafta
C24: Termi.
C25: Ara Toplam
B26: Birinci Kat | C26: Masada
C27: Ayakta
C28: Rafta
C29: Termi.
C30: Okuma Salonu
C31: Ara Toplam
B32: İkinci Kat | C32: Masada
C33: Ayakta
C34: Rafta
C35: Termi.
C36: Ara Toplam
B37: Genel Toplam | D37: =SUM(D21:D35) -> 0 | E37: =SUM(E21:E35) -> 0 | F37: =SUM(F21:F35) -> 0 | G37: =SUM(G21:G35) -> 0 | H37: =SUM(H21:H35) -> 0 | K37: =SUM(K21:K35) -> 0 | L37: =SUM(L21:L35) -> 0 | M37: =SUM(M21:M35) -> 0 | N37: =SUM(N21:N35) -> 0 | O37: =SUM(O21:O35) -> 0 | R37: =SUM(R21:R35) -> 0 | S37: =SUM(S21:S35) -> 0 | T37: =SUM(T21:T35) -> 0 | U37: =SUM(U21:U35) -> 0 | V37: =SUM(V21:V35) -> 0 | Y37: =SUM(Y21:Y35) -> 0 | Z37: =SUM(Z21:Z35) -> 0 | AA37: =SUM(AA21:AA35) -> 0 | AB37: =SUM(AB21:AB35) -> 0 | AC37: =SUM(AC21:AC35) -> 0 | AF37: =SUM(AF21:AF35) -> 0 | AG37: =SUM(AG21:AG35) -> 0 | AH37: =SUM(AH21:AH35) -> 0 | AI37: =SUM(AI21:AI35) -> 0 | AJ37: =SUM(AJ21:AJ35) -> 0 | AM37: =SUM(AM21:AM35) -> 0 | AN37: =SUM(AN21:AN35) -> 0 | AO37: =SUM(AO21:AO35) -> 0 | AP37: =SUM(AP21:AP35) -> 0 | AQ37: =SUM(AQ21:AQ35) -> 0 | AT37: =SUM(AT21:AT35) -> 0 | AU37: =SUM(AU21:AU35) -> 0 | AV37: =SUM(AV21:AV35) -> 0 | AW37: =SUM(AW21:AW35) -> 0 | AX37: =SUM(AX21:AX35) -> 0 | BA37: =SUM(BA21:BA35) -> 0 | BB37: =SUM(BB21:BB35) -> 0 | BC37: =SUM(BC21:BC35) -> 0 | BD37: =SUM(BD21:BD35) -> 0 | BE37: =SUM(BE21:BE35) -> 0 | BH37: =SUM(BH21:BH35) -> 0 | BI37: =SUM(BI21:BI35) -> 0 | BJ37: =SUM(BJ21:BJ35) -> 0 | BK37: =SUM(BK21:BK35) -> 0 | BL37: =SUM(BL21:BL35) -> 0 | BO37: =SUM(BO21:BO35) -> 0 | BP37: =SUM(BP21:BP35) -> 0 | BQ37: =SUM(BQ21:BQ35) -> 0 | BR37: =SUM(BR21:BR35) -> 0 | BS37: =SUM(BS21:BS35) -> 0 | BV37: =SUM(BV21:BV35) -> 0 | BW37: =SUM(BW21:BW35) -> 0 | BX37: =SUM(BX21:BX35) -> 0 | BY37: =SUM(BY21:BY35) -> 0 | BZ37: =SUM(BZ21:BZ35) -> 0 | CC37: =SUM(CC21:CC35) -> 0 | CD37: =SUM(CD21:CD35) -> 0 | CE37: =SUM(CE21:CE35) -> 0 | CF37: =SUM(CF21:CF35) -> 0 | CG37: =SUM(CG21:CG35) -> 0 | CJ37: =SUM(CJ21:CJ35) -> 0 | CK37: =SUM(CK21:CK35) -> 0 | CL37: =SUM(CL21:CL35) -> 0 | CM37: =SUM(CM21:CM35) -> 0 | CN37: =SUM(CN21:CN35) -> 0 | CQ37: =SUM(CQ21:CQ35) -> 0 | CR37: =SUM(CR21:CR35) -> 0 | CS37: =SUM(CS21:CS35) -> 0 | CT37: =SUM(CT21:CT35) -> 0 | CU37: =SUM(CU21:CU35) -> 0 | CX37: =SUM(CX21:CX35) -> 0 | CY37: =SUM(CY21:CY35) -> 0 | CZ37: =SUM(CZ21:CZ35) -> 0 | DA37: =SUM(DA21:DA35) -> 0 | DB37: =SUM(DB21:DB35) -> 0 | DE37: =SUM(DE21:DE35) -> 0 | DF37: =SUM(DF21:DF35) -> 0 | DG37: =SUM(DG21:DG35) -> 0 | DH37: =SUM(DH21:DH35) -> 0 | DI37: =SUM(DI21:DI35) -> 0 | DL37: =SUM(DL21:DL35) -> 0 | DM37: =SUM(DM21:DM35) -> 0 | DN37: =SUM(DN21:DN35) -> 0 | DO37: =SUM(DO21:DO35) -> 0 | DP37: =SUM(DP21:DP35) -> 0 | DS37: =SUM(DS21:DS35) -> 0 | DT37: =SUM(DT21:DT35) -> 0 | DU37: =SUM(DU21:DU35) -> 0 | DV37: =SUM(DV21:DV35) -> 0 | DW37: =SUM(DW21:DW35) -> 0 | DZ37: =SUM(DZ21:DZ35) -> 0 | EA37: =SUM(EA21:EA35) -> 0 | EB37: =SUM(EB21:EB35) -> 0 | EC37: =SUM(EC21:EC35) -> 0 | ED37: =SUM(ED21:ED35) -> 0 | EG37: =SUM(EG21:EG35) -> 0 | EH37: =SUM(EH21:EH35) -> 0 | EI37: =SUM(EI21:EI35) -> 0 | EJ37: =SUM(EJ21:EJ35) -> 0 | EK37: =SUM(EK21:EK35) -> 0 | EN37: =SUM(EN21:EN35) -> 0 | EO37: =SUM(EO21:EO35) -> 0 | EP37: =SUM(EP21:EP35) -> 0 | EQ37: =SUM(EQ21:EQ35) -> 0 | ER37: =SUM(ER21:ER35) -> 0 | EU37: =SUM(EU21:EU35) -> 0 | EV37: =SUM(EV21:EV35) -> 0 | EW37: =SUM(EW21:EW35) -> 0 | EX37: =SUM(EX21:EX35) -> 0 | EY37: =SUM(EY21:EY35) -> 0 | FB37: =SUM(FB21:FB35) -> 0 | FC37: =SUM(FC21:FC35) -> 0 | FD37: =SUM(FD21:FD35) -> 0 | FE37: =SUM(FE21:FE35) -> 0 | FF37: =SUM(FF21:FF35) -> 0 | FI37: =SUM(FI21:FI35) -> 0 | FJ37: =SUM(FJ21:FJ35) -> 0 | FK37: =SUM(FK21:FK35) -> 0 | FL37: =SUM(FL21:FL35) -> 0 | FM37: =SUM(FM21:FM35) -> 0 | FP37: =SUM(FP21:FP35) -> 0 | FQ37: =SUM(FQ21:FQ35) -> 0 | FR37: =SUM(FR21:FR35) -> 0 | FS37: =SUM(FS21:FS35) -> 0 | FT37: =SUM(FT21:FT35) -> 0 | FW37: =SUM(FW21:FW35) -> 0 | FX37: =SUM(FX21:FX35) -> 0 | FY37: =SUM(FY21:FY35) -> 0 | FZ37: =SUM(FZ21:FZ35) -> 0 | GA37: =SUM(GA21:GA35) -> 0 | GB37: =SUM(GB21:GB35) -> 0 | GC37: =SUM(GC21:GC35) -> 0 | GD37: =SUM(GD21:GD35) -> 0 | ... HJ37: =SUM(HJ21:HJ35) -> 0 | HM37: =SUM(HM21:HM35) -> 0 | HN37: =SUM(HN21:HN35) -> 0 | HO37: =SUM(HO21:HO35) -> 0 | HP37: =SUM(HP21:HP35) -> 0 | HQ37: =SUM(HQ21:HQ35) -> 0 | HR37: =SUM(HR21:HR35) -> 0 | HS37: =SUM(HS21:HS35) -> 0 | HT37: =SUM(HT21:HT35) -> 0 | ... NA37: =SUM(NA21:NA35) -> 0
A38: 0.45833333 | B38: Zemin Kat | C38: Masada
C39: Ayakta
C40: Rafta
C41: Termi.
C42: Ara Toplam
B43: Birinci Kat | C43: Masada
C44: Ayakta
C45: Rafta
C46: Termi.
C47: Okuma Salonu
C48: Ara Toplam
B49: İkinci Kat | C49: Masada
C50: Ayakta
C51: Rafta
C52: Termi.
C53: Ara Toplam
B54: Genel Toplam | D54: =SUM(D38:D52) -> 0 | E54: =SUM(E38:E52) -> 0 | F54: =SUM(F38:F52) -> 0 | G54: =SUM(G38:G52) -> 0 | H54: =SUM(H38:H52) -> 0 | K54: =SUM(K38:K52) -> 0 | L54: =SUM(L38:L52) -> 0 | M54: =SUM(M38:M52) -> 0 | N54: =SUM(N38:N52) -> 0 | O54: =SUM(O38:O52) -> 0 | R54: =SUM(R38:R52) -> 0 | S54: =SUM(S38:S52) -> 0 | T54: =SUM(T38:T52) -> 0 | U54: =SUM(U38:U52) -> 0 | V54: =SUM(V38:V52) -> 0 | Y54: =SUM(Y38:Y52) -> 0 | Z54: =SUM(Z38:Z52) -> 0 | AA54: =SUM(AA38:AA52) -> 0 | AB54: =SUM(AB38:AB52) -> 0 | AC54: =SUM(AC38:AC52) -> 0 | AF54: =SUM(AF38:AF52) -> 0 | AG54: =SUM(AG38:AG52) -> 0 | AH54: =SUM(AH38:AH52) -> 0 | AI54: =SUM(AI38:AI52) -> 0 | AJ54: =SUM(AJ38:AJ52) -> 0 | AM54: =SUM(AM38:AM52) -> 0 | AN54: =SUM(AN38:AN52) -> 0 | AO54: =SUM(AO38:AO52) -> 0 | AP54: =SUM(AP38:AP52) -> 0 | AQ54: =SUM(AQ38:AQ52) -> 0 | AT54: =SUM(AT38:AT52) -> 0 | AU54: =SUM(AU38:AU52) -> 0 | AV54: =SUM(AV38:AV52) -> 0 | AW54: =SUM(AW38:AW52) -> 0 | AX54: =SUM(AX38:AX52) -> 0 | BA54: =SUM(BA38:BA52) -> 0 | BB54: =SUM(BB38:BB52) -> 0 | BC54: =SUM(BC38:BC52) -> 0 | BD54: =SUM(BD38:BD52) -> 0 | BE54: =SUM(BE38:BE52) -> 0 | BH54: =SUM(BH38:BH52) -> 0 | BI54: =SUM(BI38:BI52) -> 0 | BJ54: =SUM(BJ38:BJ52) -> 0 | BK54: =SUM(BK38:BK52) -> 0 | BL54: =SUM(BL38:BL52) -> 0 | BO54: =SUM(BO38:BO52) -> 0 | BP54: =SUM(BP38:BP52) -> 0 | BQ54: =SUM(BQ38:BQ52) -> 0 | BR54: =SUM(BR38:BR52) -> 0 | BS54: =SUM(BS38:BS52) -> 0 | BV54: =SUM(BV38:BV52) -> 0 | BW54: =SUM(BW38:BW52) -> 0 | BX54: =SUM(BX38:BX52) -> 0 | BY54: =SUM(BY38:BY52) -> 0 | BZ54: =SUM(BZ38:BZ52) -> 0 | CC54: =SUM(CC38:CC52) -> 0 | CD54: =SUM(CD38:CD52) -> 0 | CE54: =SUM(CE38:CE52) -> 0 | CF54: =SUM(CF38:CF52) -> 0 | CG54: =SUM(CG38:CG52) -> 0 | CJ54: =SUM(CJ38:CJ52) -> 0 | CK54: =SUM(CK38:CK52) -> 0 | CL54: =SUM(CL38:CL52) -> 0 | CM54: =SUM(CM38:CM52) -> 0 | CN54: =SUM(CN38:CN52) -> 0 | CQ54: =SUM(CQ38:CQ52) -> 0 | CR54: =SUM(CR38:CR52) -> 0 | CS54: =SUM(CS38:CS52) -> 0 | CT54: =SUM(CT38:CT52) -> 0 | CU54: =SUM(CU38:CU52) -> 0 | CX54: =SUM(CX38:CX52) -> 0 | CY54: =SUM(CY38:CY52) -> 0 | CZ54: =SUM(CZ38:CZ52) -> 0 | DA54: =SUM(DA38:DA52) -> 0 | DB54: =SUM(DB38:DB52) -> 0 | DE54: =SUM(DE38:DE52) -> 0 | DF54: =SUM(DF38:DF52) -> 0 | DG54: =SUM(DG38:DG52) -> 0 | DH54: =SUM(DH38:DH52) -> 0 | DI54: =SUM(DI38:DI52) -> 0 | DL54: =SUM(DL38:DL52) -> 0 | DM54: =SUM(DM38:DM52) -> 0 | DN54: =SUM(DN38:DN52) -> 0 | DO54: =SUM(DO38:DO52) -> 0 | DP54: =SUM(DP38:DP52) -> 0 | DS54: =SUM(DS38:DS52) -> 0 | DT54: =SUM(DT38:DT52) -> 0 | DU54: =SUM(DU38:DU52) -> 0 | DV54: =SUM(DV38:DV52) -> 0 | DW54: =SUM(DW38:DW52) -> 0 | DZ54: =SUM(DZ38:DZ52) -> 0 | EA54: =SUM(EA38:EA52) -> 0 | EB54: =SUM(EB38:EB52) -> 0 | EC54: =SUM(EC38:EC52) -> 0 | ED54: =SUM(ED38:ED52) -> 0 | EG54: =SUM(EG38:EG52) -> 0 | EH54: =SUM(EH38:EH52) -> 0 | EI54: =SUM(EI38:EI52) -> 0 | EJ54: =SUM(EJ38:EJ52) -> 0 | EK54: =SUM(EK38:EK52) -> 0 | EN54: =SUM(EN38:EN52) -> 0 | EO54: =SUM(EO38:EO52) -> 0 | EP54: =SUM(EP38:EP52) -> 0 | EQ54: =SUM(EQ38:EQ52) -> 0 | ER54: =SUM(ER38:ER52) -> 0 | EU54: =SUM(EU38:EU52) -> 0 | EV54: =SUM(EV38:EV52) -> 0 | EW54: =SUM(EW38:EW52) -> 0 | EX54: =SUM(EX38:EX52) -> 0 | EY54: =SUM(EY38:EY52) -> 0 | FB54: =SUM(FB38:FB52) -> 0 | FC54: =SUM(FC38:FC52) -> 0 | FD54: =SUM(FD38:FD52) -> 0 | FE54: =SUM(FE38:FE52) -> 0 | FF54: =SUM(FF38:FF52) -> 0 | FI54: =SUM(FI38:FI52) -> 0 | FJ54: =SUM(FJ38:FJ52) -> 0 | FK54: =SUM(FK38:FK52) -> 0 | FL54: =SUM(FL38:FL52) -> 0 | FM54: =SUM(FM38:FM52) -> 0 | FP54: =SUM(FP38:FP52) -> 0 | FQ54: =SUM(FQ38:FQ52) -> 0 | FR54: =SUM(FR38:FR52) -> 0 | FS54: =SUM(FS38:FS52) -> 0 | FT54: =SUM(FT38:FT52) -> 0 | FW54: =SUM(FW38:FW52) -> 0 | FX54: =SUM(FX38:FX52) -> 0 | FY54: =SUM(FY38:FY52) -> 0 | FZ54: =SUM(FZ38:FZ52) -> 0 | GA54: =SUM(GA38:GA52) -> 0 | GB54: =SUM(GB38:GB52) -> 0 | GC54: =SUM(GC38:GC52) -> 0 | GD54: =SUM(GD38:GD52) -> 0 | ... HJ54: =SUM(HJ38:HJ52) -> 0 | HM54: =SUM(HM38:HM52) -> 0 | HN54: =SUM(HN38:HN52) -> 0 | HO54: =SUM(HO38:HO52) -> 0 | HP54: =SUM(HP38:HP52) -> 0 | HQ54: =SUM(HQ38:HQ52) -> 0 | HR54: =SUM(HR38:HR52) -> 0 | HS54: =SUM(HS38:HS52) -> 0 | HT54: =SUM(HT38:HT52) -> 0 | ... NA54: =SUM(NA38:NA52) -> 0
A55: 0.5 | B55: Zemin Kat | C55: Masada
C56: Ayakta
C57: Rafta
C58: Termi.
C59: Ara Toplam
B60: Birinci Kat | C60: Masada
C61: Ayakta
C62: Rafta
C63: Termi.
C64: Okuma Salonu
C65: Ara Toplam
B66: İkinci Kat | C66: Masada
C67: Ayakta
C68: Rafta
C69: Termi.
C70: Ara Toplam
